personIdFK,birthTown,birthState,birthCountry,maritalStatus,citizenship,language,misc,religion,indigenousInd,translatorNeeded,immigrationStatus,portOfEntry,immigrationDate,remarks
150022001000001459453391,TOOWOOMBA,QLD,AUS,GRP,;AUS;ALB;ASM;,;AMHAR;BURME;CAMBO;CZECH;ENGLI;,;AAC;COU;DEA;USE;PAE;PST;,AGN,;ABR;BTH;UNK;,1,;DEP;ILT;,SYDNEY,2014-03-01 00:00:00.000,Some Person Information test remarks
150022001000001458904550,TOOWOOMBA,QLD,AUS,GRP,;AUS;ALB;ASM;,;AMHAR;BURME;CAMBO;CZECH;ENGLI;,;AAC;COU;DEA;USE;PAE;PST;,AGN,;ABR;BTH;UNK;,1,;DEP;ILT;,SYDNEY,2014-03-01 00:00:00.000,Some Person Information test remarks
150022001000001457774062,TOOWOOMBA,QLD,AUS,GRP,;AUS;ALB;ASM;,;AMHAR;BURME;CAMBO;CZECH;ENGLI;,;AAC;COU;DEA;USE;PAE;PST;,AGN,;ABR;BTH;UNK;,1,;DEP;ILT;,SYDNEY,2014-03-01 00:00:00.000,Some Person Information test remarks
150022001000001457772727,TOOWOOMBA,QLD,AUS,GRP,;AUS;ALB;ASM;,;AMHAR;BURME;CAMBO;CZECH;ENGLI;,;AAC;COU;DEA;USE;PAE;PST;,AGN,;ABR;BTH;UNK;,1,;DEP;ILT;,SYDNEY,2014-03-01 00:00:00.000,Some Person Information test remarks
150022001000001457769087,TOOWOOMBA,QLD,AUS,GRP,;AUS;ALB;ASM;,;AMHAR;BURME;CAMBO;CZECH;ENGLI;,;AAC;COU;DEA;USE;PAE;PST;,AGN,;ABR;BTH;UNK;,1,;DEP;ILT;,SYDNEY,2014-03-01 00:00:00.000,Some Person Information test remarks
150022001000001457767850,TOOWOOMBA,QLD,AUS,GRP,;AUS;ALB;ASM;,;AMHAR;BURME;CAMBO;CZECH;ENGLI;,;AAC;COU;DEA;USE;PAE;PST;,AGN,;ABR;BTH;UNK;,1,;DEP;ILT;,SYDNEY,2014-03-01 00:00:00.000,Some Person Information test remarks
150022001000001457766463,TOOWOOMBA,QLD,AUS,GRP,;AUS;ALB;ASM;,;AMHAR;BURME;CAMBO;CZECH;ENGLI;,;AAC;COU;DEA;USE;PAE;PST;,AGN,;ABR;BTH;UNK;,1,;DEP;ILT;,SYDNEY,2014-03-01 00:00:00.000,Some Person Information test remarks
150022001000001457457969,TOOWOOMBA,QLD,AUS,GRP,;AUS;ALB;ASM;,;AMHAR;BURME;CAMBO;CZECH;ENGLI;,;AAC;COU;DEA;USE;PAE;PST;,AGN,;ABR;BTH;UNK;,1,;DEP;ILT;,SYDNEY,2014-01-03 00:00:00.000,Some Person Information test remarks
150022001000001457079220,TOOWOOMBA,QLD,AUS,GRP,;AUS;ALB;ASM;,;AMHAR;BURME;CAMBO;CZECH;ENGLI;,;AAC;COU;DEA;USE;PAE;PST;,AGN,;ABR;BTH;UNK;,1,;DEP;ILT;,SYDNEY,2014-01-03 00:00:00.000,Some Person Information test remarks
150022001000001456667488,TOOWOOMBA,QLD,AUS,GRP,;AUS;ALB;ASM;,;AMHAR;BURME;CAMBO;CZECH;ENGLI;,;AAC;COU;DEA;USE;PAE;PST;,AGN,;ABR;BTH;UNK;,1,;DEP;ILT;,SYDNEY,2014-01-03 00:00:00.000,Some Person Information test remarks
150022001000001456666885,TOOWOOMBA,QLD,AUS,GRP,;AUS;ALB;ASM;,;AMHAR;BURME;CAMBO;CZECH;ENGLI;,;AAC;COU;DEA;USE;PAE;PST;,AGN,;ABR;BTH;UNK;,1,;DEP;ILT;,SYDNEY,2014-01-03 00:00:00.000,Some Person Information test remarks
150022001000001456665861,TOOWOOMBA,QLD,AUS,GRP,;AUS;ALB;ASM;,;AMHAR;BURME;CAMBO;CZECH;ENGLI;,;AAC;COU;DEA;USE;PAE;PST;,AGN,;ABR;BTH;UNK;,1,;DEP;ILT;,SYDNEY,2014-01-03 00:00:00.000,Some Person Information test remarks
150022001000001456664971,TOOWOOMBA,QLD,AUS,GRP,;AUS;ALB;ASM;,;AMHAR;BURME;CAMBO;CZECH;ENGLI;,;AAC;COU;DEA;USE;PAE;PST;,AGN,;ABR;BTH;UNK;,1,;DEP;ILT;,SYDNEY,2014-01-03 00:00:00.000,Some Person Information test remarks
150022001000001456664424,TOOWOOMBA,QLD,AUS,GRP,;AUS;ALB;ASM;,;AMHAR;BURME;CAMBO;CZECH;ENGLI;,;AAC;COU;DEA;USE;PAE;PST;,AGN,;ABR;BTH;UNK;,1,;DEP;ILT;,SYDNEY,2014-01-03 00:00:00.000,Some Person Information test remarks
150022001000001456664231,TOOWOOMBA,QLD,AUS,GRP,;AUS;ALB;ASM;,;AMHAR;BURME;CAMBO;CZECH;ENGLI;,;AAC;COU;DEA;USE;PAE;PST;,AGN,;ABR;BTH;UNK;,1,;DEP;ILT;,SYDNEY,2014-01-03 00:00:00.000,Some Person Information test remarks
150022001000001456662616,TOOWOOMBA,QLD,AUS,GRP,;AUS;ALB;ASM;,;AMHAR;BURME;CAMBO;CZECH;ENGLI;,;AAC;COU;DEA;USE;PAE;PST;,AGN,;ABR;BTH;UNK;,1,;DEP;ILT;,SYDNEY,2014-01-03 00:00:00.000,Some Person Information test remarks
150022001000001456660441,TOOWOOMBA,QLD,AUS,GRP,;AUS;ALB;ASM;,;AMHAR;BURME;CAMBO;CZECH;ENGLI;,;AAC;COU;DEA;USE;PAE;PST;,AGN,;ABR;BTH;UNK;,1,;DEP;ILT;,SYDNEY,2014-01-03 00:00:00.000,Some Person Information test remarks
150022001000001456660266,TOOWOOMBA,QLD,AUS,GRP,;AUS;ALB;ASM;,;AMHAR;BURME;CAMBO;CZECH;ENGLI;,;AAC;COU;DEA;USE;PAE;PST;,AGN,;ABR;BTH;UNK;,1,;DEP;ILT;,SYDNEY,2014-01-03 00:00:00.000,Some Person Information test remarks
150022001000001456658670,TOOWOOMBA,QLD,AUS,GRP,;AUS;ALB;ASM;,;AMHAR;BURME;CAMBO;CZECH;ENGLI;,;AAC;COU;DEA;USE;PAE;PST;,AGN,;ABR;BTH;UNK;,1,;DEP;ILT;,SYDNEY,2014-01-03 00:00:00.000,Some Person Information test remarks
150022001000001456653202,TOOWOOMBA,QLD,AUS,GRP,;AUS;ALB;ASM;,;AMHAR;BURME;CAMBO;CZECH;ENGLI;,;AAC;COU;DEA;USE;PAE;PST;,AGN,;ABR;BTH;UNK;,1,;DEP;ILT;,SYDNEY,2014-01-03 00:00:00.000,Some Person Information test remarks
150022001000001456652637,TOOWOOMBA,QLD,AUS,GRP,;AUS;ALB;ASM;,;AMHAR;BURME;CAMBO;CZECH;ENGLI;,;AAC;COU;DEA;USE;PAE;PST;,AGN,;ABR;BTH;UNK;,1,;DEP;ILT;,SYDNEY,2014-01-03 00:00:00.000,Some Person Information test remarks
150022001000001456651749,TOOWOOMBA,QLD,AUS,GRP,;AUS;ALB;ASM;,;AMHAR;BURME;CAMBO;CZECH;ENGLI;,;AAC;COU;DEA;USE;PAE;PST;,AGN,;ABR;BTH;UNK;,1,;DEP;ILT;,SYDNEY,2014-01-03 00:00:00.000,Some Person Information test remarks
150022001000001456651468,TOOWOOMBA,QLD,AUS,GRP,;AUS;ALB;ASM;,;AMHAR;BURME;CAMBO;CZECH;ENGLI;,;AAC;COU;DEA;USE;PAE;PST;,AGN,;ABR;BTH;UNK;,1,;DEP;ILT;,SYDNEY,2014-01-03 00:00:00.000,Some Person Information test remarks
150022001000001456650819,TOOWOOMBA,QLD,AUS,GRP,;AUS;ALB;ASM;,;AMHAR;BURME;CAMBO;CZECH;ENGLI;,;AAC;COU;DEA;USE;PAE;PST;,AGN,;ABR;BTH;UNK;,1,;DEP;ILT;,SYDNEY,2014-01-03 00:00:00.000,Some Person Information test remarks
150022001000001456648531,TOOWOOMBA,QLD,AUS,GRP,;AUS;ALB;ASM;,;AMHAR;BURME;CAMBO;CZECH;ENGLI;,;AAC;COU;DEA;USE;PAE;PST;,AGN,;ABR;BTH;UNK;,1,;DEP;ILT;,SYDNEY,2014-01-03 00:00:00.000,Some Person Information test remarks
150022001000001456648290,TOOWOOMBA,QLD,AUS,GRP,;AUS;ALB;ASM;,;AMHAR;BURME;CAMBO;CZECH;ENGLI;,;AAC;COU;DEA;USE;PAE;PST;,AGN,;ABR;BTH;UNK;,1,;DEP;ILT;,SYDNEY,2014-01-03 00:00:00.000,Some Person Information test remarks
150022001000001456648049,TOOWOOMBA,QLD,AUS,GRP,;AUS;ALB;ASM;,;AMHAR;BURME;CAMBO;CZECH;ENGLI;,;AAC;COU;DEA;USE;PAE;PST;,AGN,;ABR;BTH;UNK;,1,;DEP;ILT;,SYDNEY,2014-01-03 00:00:00.000,Some Person Information test remarks
150022001000001456647796,TOOWOOMBA,QLD,AUS,GRP,;AUS;ALB;ASM;,;AMHAR;BURME;CAMBO;CZECH;ENGLI;,;AAC;COU;DEA;USE;PAE;PST;,AGN,;ABR;BTH;UNK;,1,;DEP;ILT;,SYDNEY,2014-01-03 00:00:00.000,Some Person Information test remarks
150022001000001456647525,TOOWOOMBA,QLD,AUS,GRP,;AUS;ALB;ASM;,;AMHAR;BURME;CAMBO;CZECH;ENGLI;,;AAC;COU;DEA;USE;PAE;PST;,AGN,;ABR;BTH;UNK;,1,;DEP;ILT;,SYDNEY,2014-01-03 00:00:00.000,Some Person Information test remarks
150022001000001456647255,TOOWOOMBA,QLD,AUS,GRP,;AUS;ALB;ASM;,;AMHAR;BURME;CAMBO;CZECH;ENGLI;,;AAC;COU;DEA;USE;PAE;PST;,AGN,;ABR;BTH;UNK;,1,;DEP;ILT;,SYDNEY,2014-01-03 00:00:00.000,Some Person Information test remarks
150022001000001456647059,TOOWOOMBA,QLD,AUS,GRP,;AUS;ALB;ASM;,;AMHAR;BURME;CAMBO;CZECH;ENGLI;,;AAC;COU;DEA;USE;PAE;PST;,AGN,;ABR;BTH;UNK;,1,;DEP;ILT;,SYDNEY,2014-01-03 00:00:00.000,Some Person Information test remarks
150022001000001456646914,TOOWOOMBA,QLD,AUS,GRP,;AUS;ALB;ASM;,;AMHAR;BURME;CAMBO;CZECH;ENGLI;,;AAC;COU;DEA;USE;PAE;PST;,AGN,;ABR;BTH;UNK;,1,;DEP;ILT;,SYDNEY,2014-01-03 00:00:00.000,Some Person Information test remarks
150022001000001456638297,TOOWOOMBA,QLD,AUS,GRP,;AUS;ALB;ASM;,;AMHAR;BURME;CAMBO;CZECH;ENGLI;,;AAC;COU;DEA;USE;PAE;PST;,AGN,;ABR;BTH;UNK;,1,;DEP;ILT;,SYDNEY,2014-01-03 00:00:00.000,Some Person Information test remarks
150022001000001456636820,TOOWOOMBA,QLD,AUS,GRP,;AUS;ALB;ASM;,;AMHAR;BURME;CAMBO;CZECH;ENGLI;,;AAC;COU;DEA;USE;PAE;PST;,AGN,;ABR;BTH;UNK;,1,;DEP;ILT;,SYDNEY,2014-01-03 00:00:00.000,Some Person Information test remarks
150022001000001456636543,TOOWOOMBA,QLD,AUS,GRP,;AUS;ALB;ASM;,;AMHAR;BURME;CAMBO;CZECH;ENGLI;,;AAC;COU;DEA;USE;PAE;PST;,AGN,;ABR;BTH;UNK;,1,;DEP;ILT;,SYDNEY,2014-01-03 00:00:00.000,Some Person Information test remarks
150022001000001456636291,TOOWOOMBA,QLD,AUS,GRP,;AUS;ALB;ASM;,;AMHAR;BURME;CAMBO;CZECH;ENGLI;,;AAC;COU;DEA;USE;PAE;PST;,AGN,;ABR;BTH;UNK;,1,;DEP;ILT;,SYDNEY,2014-01-03 00:00:00.000,Some Person Information test remarks
150022001000001456636026,TOOWOOMBA,QLD,AUS,GRP,;AUS;ALB;ASM;,;AMHAR;BURME;CAMBO;CZECH;ENGLI;,;AAC;COU;DEA;USE;PAE;PST;,AGN,;ABR;BTH;UNK;,1,;DEP;ILT;,SYDNEY,2014-01-03 00:00:00.000,Some Person Information test remarks
150022001000001456635761,TOOWOOMBA,QLD,AUS,GRP,;AUS;ALB;ASM;,;AMHAR;BURME;CAMBO;CZECH;ENGLI;,;AAC;COU;DEA;USE;PAE;PST;,AGN,;ABR;BTH;UNK;,1,;DEP;ILT;,SYDNEY,2014-01-03 00:00:00.000,Some Person Information test remarks
150022001000001456635498,TOOWOOMBA,QLD,AUS,GRP,;AUS;ALB;ASM;,;AMHAR;BURME;CAMBO;CZECH;ENGLI;,;AAC;COU;DEA;USE;PAE;PST;,AGN,;ABR;BTH;UNK;,1,;DEP;ILT;,SYDNEY,2014-01-03 00:00:00.000,Some Person Information test remarks
150022001000001456635171,TOOWOOMBA,QLD,AUS,GRP,;AUS;ALB;ASM;,;AMHAR;BURME;CAMBO;CZECH;ENGLI;,;AAC;COU;DEA;USE;PAE;PST;,AGN,;ABR;BTH;UNK;,1,;DEP;ILT;,SYDNEY,2014-01-03 00:00:00.000,Some Person Information test remarks
150022001000001456634942,TOOWOOMBA,QLD,AUS,GRP,;AUS;ALB;ASM;,;AMHAR;BURME;CAMBO;CZECH;ENGLI;,;AAC;COU;DEA;USE;PAE;PST;,AGN,;ABR;BTH;UNK;,1,;DEP;ILT;,SYDNEY,2014-01-03 00:00:00.000,Some Person Information test remarks
150022001000001456634728,TOOWOOMBA,QLD,AUS,GRP,;AUS;ALB;ASM;,;AMHAR;BURME;CAMBO;CZECH;ENGLI;,;AAC;COU;DEA;USE;PAE;PST;,AGN,;ABR;BTH;UNK;,1,;DEP;ILT;,SYDNEY,2014-01-03 00:00:00.000,Some Person Information test remarks
150022001000001456634505,TOOWOOMBA,QLD,AUS,GRP,;AUS;ALB;ASM;,;AMHAR;BURME;CAMBO;CZECH;ENGLI;,;AAC;COU;DEA;USE;PAE;PST;,AGN,;ABR;BTH;UNK;,1,;DEP;ILT;,SYDNEY,2014-01-03 00:00:00.000,Some Person Information test remarks
150022001000001456633942,TOOWOOMBA,QLD,AUS,GRP,;AUS;ALB;ASM;,;AMHAR;BURME;CAMBO;CZECH;ENGLI;,;AAC;COU;DEA;USE;PAE;PST;,AGN,;ABR;BTH;UNK;,1,;DEP;ILT;,SYDNEY,2014-01-03 00:00:00.000,Some Person Information test remarks
150022001000001456633673,TOOWOOMBA,QLD,AUS,GRP,;AUS;ALB;ASM;,;AMHAR;BURME;CAMBO;CZECH;ENGLI;,;AAC;COU;DEA;USE;PAE;PST;,AGN,;ABR;BTH;UNK;,1,;DEP;ILT;,SYDNEY,2014-01-03 00:00:00.000,Some Person Information test remarks
150022001000001456633413,TOOWOOMBA,QLD,AUS,GRP,;AUS;ALB;ASM;,;AMHAR;BURME;CAMBO;CZECH;ENGLI;,;AAC;COU;DEA;USE;PAE;PST;,AGN,;ABR;BTH;UNK;,1,;DEP;ILT;,SYDNEY,2014-01-03 00:00:00.000,Some Person Information test remarks
150022001000001456632973,TOOWOOMBA,QLD,AUS,GRP,;AUS;ALB;ASM;,;AMHAR;BURME;CAMBO;CZECH;ENGLI;,;AAC;COU;DEA;USE;PAE;PST;,AGN,;ABR;BTH;UNK;,1,;DEP;ILT;,SYDNEY,2014-01-03 00:00:00.000,Some Person Information test remarks
150022001000001456632727,TOOWOOMBA,QLD,AUS,GRP,;AUS;ALB;ASM;,;AMHAR;BURME;CAMBO;CZECH;ENGLI;,;AAC;COU;DEA;USE;PAE;PST;,AGN,;ABR;BTH;UNK;,1,;DEP;ILT;,SYDNEY,2014-01-03 00:00:00.000,Some Person Information test remarks
150022001000001456632471,TOOWOOMBA,QLD,AUS,GRP,;AUS;ALB;ASM;,;AMHAR;BURME;CAMBO;CZECH;ENGLI;,;AAC;COU;DEA;USE;PAE;PST;,AGN,;ABR;BTH;UNK;,1,;DEP;ILT;,SYDNEY,2014-01-03 00:00:00.000,Some Person Information test remarks
150022001000001456632243,TOOWOOMBA,QLD,AUS,GRP,;AUS;ALB;ASM;,;AMHAR;BURME;CAMBO;CZECH;ENGLI;,;AAC;COU;DEA;USE;PAE;PST;,AGN,;ABR;BTH;UNK;,1,;DEP;ILT;,SYDNEY,2014-01-03 00:00:00.000,Some Person Information test remarks
150022001000001456631895,TOOWOOMBA,QLD,AUS,GRP,;AUS;ALB;ASM;,;AMHAR;BURME;CAMBO;CZECH;ENGLI;,;AAC;COU;DEA;USE;PAE;PST;,AGN,;ABR;BTH;UNK;,1,;DEP;ILT;,SYDNEY,2014-01-03 00:00:00.000,Some Person Information test remarks
150022001000001456631763,TOOWOOMBA,QLD,AUS,GRP,;AUS;ALB;ASM;,;AMHAR;BURME;CAMBO;CZECH;ENGLI;,;AAC;COU;DEA;USE;PAE;PST;,AGN,;ABR;BTH;UNK;,1,;DEP;ILT;,SYDNEY,2014-01-03 00:00:00.000,Some Person Information test remarks
150022001000001456631613,TOOWOOMBA,QLD,AUS,GRP,;AUS;ALB;ASM;,;AMHAR;BURME;CAMBO;CZECH;ENGLI;,;AAC;COU;DEA;USE;PAE;PST;,AGN,;ABR;BTH;UNK;,1,;DEP;ILT;,SYDNEY,2014-01-03 00:00:00.000,Some Person Information test remarks
150022001000001456631272,TOOWOOMBA,QLD,AUS,GRP,;AUS;ALB;ASM;,;AMHAR;BURME;CAMBO;CZECH;ENGLI;,;AAC;COU;DEA;USE;PAE;PST;,AGN,;ABR;BTH;UNK;,1,;DEP;ILT;,SYDNEY,2014-01-03 00:00:00.000,Some Person Information test remarks
150022001000001456631123,TOOWOOMBA,QLD,AUS,GRP,;AUS;ALB;ASM;,;AMHAR;BURME;CAMBO;CZECH;ENGLI;,;AAC;COU;DEA;USE;PAE;PST;,AGN,;ABR;BTH;UNK;,1,;DEP;ILT;,SYDNEY,2014-01-03 00:00:00.000,Some Person Information test remarks
150022001000001456630434,TOOWOOMBA,QLD,AUS,GRP,;AUS;ALB;ASM;,;AMHAR;BURME;CAMBO;CZECH;ENGLI;,;AAC;COU;DEA;USE;PAE;PST;,AGN,;ABR;BTH;UNK;,1,;DEP;ILT;,SYDNEY,2014-01-03 00:00:00.000,Some Person Information test remarks
150022001000001456630195,TOOWOOMBA,QLD,AUS,GRP,;AUS;ALB;ASM;,;AMHAR;BURME;CAMBO;CZECH;ENGLI;,;AAC;COU;DEA;USE;PAE;PST;,AGN,;ABR;BTH;UNK;,1,;DEP;ILT;,SYDNEY,2014-01-03 00:00:00.000,Some Person Information test remarks
150022001000001456630022,TOOWOOMBA,QLD,AUS,GRP,;AUS;ALB;ASM;,;AMHAR;BURME;CAMBO;CZECH;ENGLI;,;AAC;COU;DEA;USE;PAE;PST;,AGN,;ABR;BTH;UNK;,1,;DEP;ILT;,SYDNEY,2014-01-03 00:00:00.000,Some Person Information test remarks
150022001000001456629802,TOOWOOMBA,QLD,AUS,GRP,;AUS;ALB;ASM;,;AMHAR;BURME;CAMBO;CZECH;ENGLI;,;AAC;COU;DEA;USE;PAE;PST;,AGN,;ABR;BTH;UNK;,1,;DEP;ILT;,SYDNEY,2014-01-03 00:00:00.000,Some Person Information test remarks
150022001000001456629533,TOOWOOMBA,QLD,AUS,GRP,;AUS;ALB;ASM;,;AMHAR;BURME;CAMBO;CZECH;ENGLI;,;AAC;COU;DEA;USE;PAE;PST;,AGN,;ABR;BTH;UNK;,1,;DEP;ILT;,SYDNEY,2014-01-03 00:00:00.000,Some Person Information test remarks
150022001000001456629302,TOOWOOMBA,QLD,AUS,GRP,;AUS;ALB;ASM;,;AMHAR;BURME;CAMBO;CZECH;ENGLI;,;AAC;COU;DEA;USE;PAE;PST;,AGN,;ABR;BTH;UNK;,1,;DEP;ILT;,SYDNEY,2014-01-03 00:00:00.000,Some Person Information test remarks
150022001000001456629093,TOOWOOMBA,QLD,AUS,GRP,;AUS;ALB;ASM;,;AMHAR;BURME;CAMBO;CZECH;ENGLI;,;AAC;COU;DEA;USE;PAE;PST;,AGN,;ABR;BTH;UNK;,1,;DEP;ILT;,SYDNEY,2014-01-03 00:00:00.000,Some Person Information test remarks
150022001000001456628898,TOOWOOMBA,QLD,AUS,GRP,;AUS;ALB;ASM;,;AMHAR;BURME;CAMBO;CZECH;ENGLI;,;AAC;COU;DEA;USE;PAE;PST;,AGN,;ABR;BTH;UNK;,1,;DEP;ILT;,SYDNEY,2014-01-03 00:00:00.000,Some Person Information test remarks
150022001000001456628700,TOOWOOMBA,QLD,AUS,GRP,;AUS;ALB;ASM;,;AMHAR;BURME;CAMBO;CZECH;ENGLI;,;AAC;COU;DEA;USE;PAE;PST;,AGN,;ABR;BTH;UNK;,1,;DEP;ILT;,SYDNEY,2014-01-03 00:00:00.000,Some Person Information test remarks
150022001000001456628290,TOOWOOMBA,QLD,AUS,GRP,;AUS;ALB;ASM;,;AMHAR;BURME;CAMBO;CZECH;ENGLI;,;AAC;COU;DEA;USE;PAE;PST;,AGN,;ABR;BTH;UNK;,1,;DEP;ILT;,SYDNEY,2014-01-03 00:00:00.000,Some Person Information test remarks
150022001000001456628144,TOOWOOMBA,QLD,AUS,GRP,;AUS;ALB;ASM;,;AMHAR;BURME;CAMBO;CZECH;ENGLI;,;AAC;COU;DEA;USE;PAE;PST;,AGN,;ABR;BTH;UNK;,1,;DEP;ILT;,SYDNEY,2014-01-03 00:00:00.000,Some Person Information test remarks
150022001000001456627859,TOOWOOMBA,QLD,AUS,GRP,;AUS;ALB;ASM;,;AMHAR;BURME;CAMBO;CZECH;ENGLI;,;AAC;COU;DEA;USE;PAE;PST;,AGN,;ABR;BTH;UNK;,1,;DEP;ILT;,SYDNEY,2014-01-03 00:00:00.000,Some Person Information test remarks
150022001000001456627627,TOOWOOMBA,QLD,AUS,GRP,;AUS;ALB;ASM;,;AMHAR;BURME;CAMBO;CZECH;ENGLI;,;AAC;COU;DEA;USE;PAE;PST;,AGN,;ABR;BTH;UNK;,1,;DEP;ILT;,SYDNEY,2014-01-03 00:00:00.000,Some Person Information test remarks
150022001000001456627259,TOOWOOMBA,QLD,AUS,GRP,;AUS;ALB;ASM;,;AMHAR;BURME;CAMBO;CZECH;ENGLI;,;AAC;COU;DEA;USE;PAE;PST;,AGN,;ABR;BTH;UNK;,1,;DEP;ILT;,SYDNEY,2014-01-03 00:00:00.000,Some Person Information test remarks
150022001000001456627056,TOOWOOMBA,QLD,AUS,GRP,;AUS;ALB;ASM;,;AMHAR;BURME;CAMBO;CZECH;ENGLI;,;AAC;COU;DEA;USE;PAE;PST;,AGN,;ABR;BTH;UNK;,1,;DEP;ILT;,SYDNEY,2014-01-03 00:00:00.000,Some Person Information test remarks
150022001000001456626887,TOOWOOMBA,QLD,AUS,GRP,;AUS;ALB;ASM;,;AMHAR;BURME;CAMBO;CZECH;ENGLI;,;AAC;COU;DEA;USE;PAE;PST;,AGN,;ABR;BTH;UNK;,1,;DEP;ILT;,SYDNEY,2014-01-03 00:00:00.000,Some Person Information test remarks
150022001000001456626680,TOOWOOMBA,QLD,AUS,GRP,;AUS;ALB;ASM;,;AMHAR;BURME;CAMBO;CZECH;ENGLI;,;AAC;COU;DEA;USE;PAE;PST;,AGN,;ABR;BTH;UNK;,1,;DEP;ILT;,SYDNEY,2014-01-03 00:00:00.000,Some Person Information test remarks
150022001000001456626432,TOOWOOMBA,QLD,AUS,GRP,;AUS;ALB;ASM;,;AMHAR;BURME;CAMBO;CZECH;ENGLI;,;AAC;COU;DEA;USE;PAE;PST;,AGN,;ABR;BTH;UNK;,1,;DEP;ILT;,SYDNEY,2014-01-03 00:00:00.000,Some Person Information test remarks
150022001000001456626251,TOOWOOMBA,QLD,AUS,GRP,;AUS;ALB;ASM;,;AMHAR;BURME;CAMBO;CZECH;ENGLI;,;AAC;COU;DEA;USE;PAE;PST;,AGN,;ABR;BTH;UNK;,1,;DEP;ILT;,SYDNEY,2014-01-03 00:00:00.000,Some Person Information test remarks
150022001000001456626056,TOOWOOMBA,QLD,AUS,GRP,;AUS;ALB;ASM;,;AMHAR;BURME;CAMBO;CZECH;ENGLI;,;AAC;COU;DEA;USE;PAE;PST;,AGN,;ABR;BTH;UNK;,1,;DEP;ILT;,SYDNEY,2014-01-03 00:00:00.000,Some Person Information test remarks
150022001000001456625890,TOOWOOMBA,QLD,AUS,GRP,;AUS;ALB;ASM;,;AMHAR;BURME;CAMBO;CZECH;ENGLI;,;AAC;COU;DEA;USE;PAE;PST;,AGN,;ABR;BTH;UNK;,1,;DEP;ILT;,SYDNEY,2014-01-03 00:00:00.000,Some Person Information test remarks
150022001000001456625657,TOOWOOMBA,QLD,AUS,GRP,;AUS;ALB;ASM;,;AMHAR;BURME;CAMBO;CZECH;ENGLI;,;AAC;COU;DEA;USE;PAE;PST;,AGN,;ABR;BTH;UNK;,1,;DEP;ILT;,SYDNEY,2014-01-03 00:00:00.000,Some Person Information test remarks
150022001000001456625425,TOOWOOMBA,QLD,AUS,GRP,;AUS;ALB;ASM;,;AMHAR;BURME;CAMBO;CZECH;ENGLI;,;AAC;COU;DEA;USE;PAE;PST;,AGN,;ABR;BTH;UNK;,1,;DEP;ILT;,SYDNEY,2014-01-03 00:00:00.000,Some Person Information test remarks
150022001000001456625227,TOOWOOMBA,QLD,AUS,GRP,;AUS;ALB;ASM;,;AMHAR;BURME;CAMBO;CZECH;ENGLI;,;AAC;COU;DEA;USE;PAE;PST;,AGN,;ABR;BTH;UNK;,1,;DEP;ILT;,SYDNEY,2014-01-03 00:00:00.000,Some Person Information test remarks
150022001000001456625004,TOOWOOMBA,QLD,AUS,GRP,;AUS;ALB;ASM;,;AMHAR;BURME;CAMBO;CZECH;ENGLI;,;AAC;COU;DEA;USE;PAE;PST;,AGN,;ABR;BTH;UNK;,1,;DEP;ILT;,SYDNEY,2014-01-03 00:00:00.000,Some Person Information test remarks
150022001000001456624884,TOOWOOMBA,QLD,AUS,GRP,;AUS;ALB;ASM;,;AMHAR;BURME;CAMBO;CZECH;ENGLI;,;AAC;COU;DEA;USE;PAE;PST;,AGN,;ABR;BTH;UNK;,1,;DEP;ILT;,SYDNEY,2014-01-03 00:00:00.000,Some Person Information test remarks
150022001000001456624619,TOOWOOMBA,QLD,AUS,GRP,;AUS;ALB;ASM;,;AMHAR;BURME;CAMBO;CZECH;ENGLI;,;AAC;COU;DEA;USE;PAE;PST;,AGN,;ABR;BTH;UNK;,1,;DEP;ILT;,SYDNEY,2014-01-03 00:00:00.000,Some Person Information test remarks
150022001000001456624490,TOOWOOMBA,QLD,AUS,GRP,;AUS;ALB;ASM;,;AMHAR;BURME;CAMBO;CZECH;ENGLI;,;AAC;COU;DEA;USE;PAE;PST;,AGN,;ABR;BTH;UNK;,1,;DEP;ILT;,SYDNEY,2014-01-03 00:00:00.000,Some Person Information test remarks
150022001000001456624293,TOOWOOMBA,QLD,AUS,GRP,;AUS;ALB;ASM;,;AMHAR;BURME;CAMBO;CZECH;ENGLI;,;AAC;COU;DEA;USE;PAE;PST;,AGN,;ABR;BTH;UNK;,1,;DEP;ILT;,SYDNEY,2014-01-03 00:00:00.000,Some Person Information test remarks
150022001000001456624066,TOOWOOMBA,QLD,AUS,GRP,;AUS;ALB;ASM;,;AMHAR;BURME;CAMBO;CZECH;ENGLI;,;AAC;COU;DEA;USE;PAE;PST;,AGN,;ABR;BTH;UNK;,1,;DEP;ILT;,SYDNEY,2014-01-03 00:00:00.000,Some Person Information test remarks
150022001000001456623917,TOOWOOMBA,QLD,AUS,GRP,;AUS;ALB;ASM;,;AMHAR;BURME;CAMBO;CZECH;ENGLI;,;AAC;COU;DEA;USE;PAE;PST;,AGN,;ABR;BTH;UNK;,1,;DEP;ILT;,SYDNEY,2014-01-03 00:00:00.000,Some Person Information test remarks
150022001000001456623646,TOOWOOMBA,QLD,AUS,GRP,;AUS;ALB;ASM;,;AMHAR;BURME;CAMBO;CZECH;ENGLI;,;AAC;COU;DEA;USE;PAE;PST;,AGN,;ABR;BTH;UNK;,1,;DEP;ILT;,SYDNEY,2014-01-03 00:00:00.000,Some Person Information test remarks
150022001000001456623314,TOOWOOMBA,QLD,AUS,GRP,;AUS;ALB;ASM;,;AMHAR;BURME;CAMBO;CZECH;ENGLI;,;AAC;COU;DEA;USE;PAE;PST;,AGN,;ABR;BTH;UNK;,1,;DEP;ILT;,SYDNEY,2014-01-03 00:00:00.000,Some Person Information test remarks
150022001000001456623145,TOOWOOMBA,QLD,AUS,GRP,;AUS;ALB;ASM;,;AMHAR;BURME;CAMBO;CZECH;ENGLI;,;AAC;COU;DEA;USE;PAE;PST;,AGN,;ABR;BTH;UNK;,1,;DEP;ILT;,SYDNEY,2014-01-03 00:00:00.000,Some Person Information test remarks
150022001000001456623002,TOOWOOMBA,QLD,AUS,GRP,;AUS;ALB;ASM;,;AMHAR;BURME;CAMBO;CZECH;ENGLI;,;AAC;COU;DEA;USE;PAE;PST;,AGN,;ABR;BTH;UNK;,1,;DEP;ILT;,SYDNEY,2014-01-03 00:00:00.000,Some Person Information test remarks
150022001000001456622613,TOOWOOMBA,QLD,AUS,GRP,;AUS;ALB;ASM;,;AMHAR;BURME;CAMBO;CZECH;ENGLI;,;AAC;COU;DEA;USE;PAE;PST;,AGN,;ABR;BTH;UNK;,1,;DEP;ILT;,SYDNEY,2014-01-03 00:00:00.000,Some Person Information test remarks
150022001000001456622519,TOOWOOMBA,QLD,AUS,GRP,;AUS;ALB;ASM;,;AMHAR;BURME;CAMBO;CZECH;ENGLI;,;AAC;COU;DEA;USE;PAE;PST;,AGN,;ABR;BTH;UNK;,1,;DEP;ILT;,SYDNEY,2014-01-03 00:00:00.000,Some Person Information test remarks
150022001000001456622378,TOOWOOMBA,QLD,AUS,GRP,;AUS;ALB;ASM;,;AMHAR;BURME;CAMBO;CZECH;ENGLI;,;AAC;COU;DEA;USE;PAE;PST;,AGN,;ABR;BTH;UNK;,1,;DEP;ILT;,SYDNEY,2014-01-03 00:00:00.000,Some Person Information test remarks
150022001000001456621860,TOOWOOMBA,QLD,AUS,GRP,;AUS;ALB;ASM;,;AMHAR;BURME;CAMBO;CZECH;ENGLI;,;AAC;COU;DEA;USE;PAE;PST;,AGN,;ABR;BTH;UNK;,1,;DEP;ILT;,SYDNEY,2014-01-03 00:00:00.000,Some Person Information test remarks
150022001000001456621454,TOOWOOMBA,QLD,AUS,GRP,;AUS;ALB;ASM;,;AMHAR;BURME;CAMBO;CZECH;ENGLI;,;AAC;COU;DEA;USE;PAE;PST;,AGN,;ABR;BTH;UNK;,1,;DEP;ILT;,SYDNEY,2014-01-03 00:00:00.000,Some Person Information test remarks
150022001000001456621261,TOOWOOMBA,QLD,AUS,GRP,;AUS;ALB;ASM;,;AMHAR;BURME;CAMBO;CZECH;ENGLI;,;AAC;COU;DEA;USE;PAE;PST;,AGN,;ABR;BTH;UNK;,1,;DEP;ILT;,SYDNEY,2014-01-03 00:00:00.000,Some Person Information test remarks
150022001000001456621062,TOOWOOMBA,QLD,AUS,GRP,;AUS;ALB;ASM;,;AMHAR;BURME;CAMBO;CZECH;ENGLI;,;AAC;COU;DEA;USE;PAE;PST;,AGN,;ABR;BTH;UNK;,1,;DEP;ILT;,SYDNEY,2014-01-03 00:00:00.000,Some Person Information test remarks
150022001000001456620845,TOOWOOMBA,QLD,AUS,GRP,;AUS;ALB;ASM;,;AMHAR;BURME;CAMBO;CZECH;ENGLI;,;AAC;COU;DEA;USE;PAE;PST;,AGN,;ABR;BTH;UNK;,1,;DEP;ILT;,SYDNEY,2014-01-03 00:00:00.000,Some Person Information test remarks
150022001000001456620649,TOOWOOMBA,QLD,AUS,GRP,;AUS;ALB;ASM;,;AMHAR;BURME;CAMBO;CZECH;ENGLI;,;AAC;COU;DEA;USE;PAE;PST;,AGN,;ABR;BTH;UNK;,1,;DEP;ILT;,SYDNEY,2014-01-03 00:00:00.000,Some Person Information test remarks
150022001000001456620434,TOOWOOMBA,QLD,AUS,GRP,;AUS;ALB;ASM;,;AMHAR;BURME;CAMBO;CZECH;ENGLI;,;AAC;COU;DEA;USE;PAE;PST;,AGN,;ABR;BTH;UNK;,1,;DEP;ILT;,SYDNEY,2014-01-03 00:00:00.000,Some Person Information test remarks
150022001000001456620332,TOOWOOMBA,QLD,AUS,GRP,;AUS;ALB;ASM;,;AMHAR;BURME;CAMBO;CZECH;ENGLI;,;AAC;COU;DEA;USE;PAE;PST;,AGN,;ABR;BTH;UNK;,1,;DEP;ILT;,SYDNEY,2014-01-03 00:00:00.000,Some Person Information test remarks
150022001000001456620121,TOOWOOMBA,QLD,AUS,GRP,;AUS;ALB;ASM;,;AMHAR;BURME;CAMBO;CZECH;ENGLI;,;AAC;COU;DEA;USE;PAE;PST;,AGN,;ABR;BTH;UNK;,1,;DEP;ILT;,SYDNEY,2014-01-03 00:00:00.000,Some Person Information test remarks
150022001000001456619930,TOOWOOMBA,QLD,AUS,GRP,;AUS;ALB;ASM;,;AMHAR;BURME;CAMBO;CZECH;ENGLI;,;AAC;COU;DEA;USE;PAE;PST;,AGN,;ABR;BTH;UNK;,1,;DEP;ILT;,SYDNEY,2014-01-03 00:00:00.000,Some Person Information test remarks
150022001000001456619730,TOOWOOMBA,QLD,AUS,GRP,;AUS;ALB;ASM;,;AMHAR;BURME;CAMBO;CZECH;ENGLI;,;AAC;COU;DEA;USE;PAE;PST;,AGN,;ABR;BTH;UNK;,1,;DEP;ILT;,SYDNEY,2014-01-03 00:00:00.000,Some Person Information test remarks
150022001000001456619532,TOOWOOMBA,QLD,AUS,GRP,;AUS;ALB;ASM;,;AMHAR;BURME;CAMBO;CZECH;ENGLI;,;AAC;COU;DEA;USE;PAE;PST;,AGN,;ABR;BTH;UNK;,1,;DEP;ILT;,SYDNEY,2014-01-03 00:00:00.000,Some Person Information test remarks
150022001000001456619340,TOOWOOMBA,QLD,AUS,GRP,;AUS;ALB;ASM;,;AMHAR;BURME;CAMBO;CZECH;ENGLI;,;AAC;COU;DEA;USE;PAE;PST;,AGN,;ABR;BTH;UNK;,1,;DEP;ILT;,SYDNEY,2014-01-03 00:00:00.000,Some Person Information test remarks
150022001000001456619139,TOOWOOMBA,QLD,AUS,GRP,;AUS;ALB;ASM;,;AMHAR;BURME;CAMBO;CZECH;ENGLI;,;AAC;COU;DEA;USE;PAE;PST;,AGN,;ABR;BTH;UNK;,1,;DEP;ILT;,SYDNEY,2014-01-03 00:00:00.000,Some Person Information test remarks
150022001000001456618942,TOOWOOMBA,QLD,AUS,GRP,;AUS;ALB;ASM;,;AMHAR;BURME;CAMBO;CZECH;ENGLI;,;AAC;COU;DEA;USE;PAE;PST;,AGN,;ABR;BTH;UNK;,1,;DEP;ILT;,SYDNEY,2014-01-03 00:00:00.000,Some Person Information test remarks
150022001000001456618733,TOOWOOMBA,QLD,AUS,GRP,;AUS;ALB;ASM;,;AMHAR;BURME;CAMBO;CZECH;ENGLI;,;AAC;COU;DEA;USE;PAE;PST;,AGN,;ABR;BTH;UNK;,1,;DEP;ILT;,SYDNEY,2014-01-03 00:00:00.000,Some Person Information test remarks
150022001000001456618544,TOOWOOMBA,QLD,AUS,GRP,;AUS;ALB;ASM;,;AMHAR;BURME;CAMBO;CZECH;ENGLI;,;AAC;COU;DEA;USE;PAE;PST;,AGN,;ABR;BTH;UNK;,1,;DEP;ILT;,SYDNEY,2014-01-03 00:00:00.000,Some Person Information test remarks
150022001000001456618339,TOOWOOMBA,QLD,AUS,GRP,;AUS;ALB;ASM;,;AMHAR;BURME;CAMBO;CZECH;ENGLI;,;AAC;COU;DEA;USE;PAE;PST;,AGN,;ABR;BTH;UNK;,1,;DEP;ILT;,SYDNEY,2014-01-03 00:00:00.000,Some Person Information test remarks
150022001000001456618154,TOOWOOMBA,QLD,AUS,GRP,;AUS;ALB;ASM;,;AMHAR;BURME;CAMBO;CZECH;ENGLI;,;AAC;COU;DEA;USE;PAE;PST;,AGN,;ABR;BTH;UNK;,1,;DEP;ILT;,SYDNEY,2014-01-03 00:00:00.000,Some Person Information test remarks
150022001000001456617954,TOOWOOMBA,QLD,AUS,GRP,;AUS;ALB;ASM;,;AMHAR;BURME;CAMBO;CZECH;ENGLI;,;AAC;COU;DEA;USE;PAE;PST;,AGN,;ABR;BTH;UNK;,1,;DEP;ILT;,SYDNEY,2014-01-03 00:00:00.000,Some Person Information test remarks
150022001000001456617743,TOOWOOMBA,QLD,AUS,GRP,;AUS;ALB;ASM;,;AMHAR;BURME;CAMBO;CZECH;ENGLI;,;AAC;COU;DEA;USE;PAE;PST;,AGN,;ABR;BTH;UNK;,1,;DEP;ILT;,SYDNEY,2014-01-03 00:00:00.000,Some Person Information test remarks
150022001000001456617546,TOOWOOMBA,QLD,AUS,GRP,;AUS;ALB;ASM;,;AMHAR;BURME;CAMBO;CZECH;ENGLI;,;AAC;COU;DEA;USE;PAE;PST;,AGN,;ABR;BTH;UNK;,1,;DEP;ILT;,SYDNEY,2014-01-03 00:00:00.000,Some Person Information test remarks
150022001000001456617350,TOOWOOMBA,QLD,AUS,GRP,;AUS;ALB;ASM;,;AMHAR;BURME;CAMBO;CZECH;ENGLI;,;AAC;COU;DEA;USE;PAE;PST;,AGN,;ABR;BTH;UNK;,1,;DEP;ILT;,SYDNEY,2014-01-03 00:00:00.000,Some Person Information test remarks
150022001000001456617183,TOOWOOMBA,QLD,AUS,GRP,;AUS;ALB;ASM;,;AMHAR;BURME;CAMBO;CZECH;ENGLI;,;AAC;COU;DEA;USE;PAE;PST;,AGN,;ABR;BTH;UNK;,1,;DEP;ILT;,SYDNEY,2014-01-03 00:00:00.000,Some Person Information test remarks
150022001000001456616983,TOOWOOMBA,QLD,AUS,GRP,;AUS;ALB;ASM;,;AMHAR;BURME;CAMBO;CZECH;ENGLI;,;AAC;COU;DEA;USE;PAE;PST;,AGN,;ABR;BTH;UNK;,1,;DEP;ILT;,SYDNEY,2014-01-03 00:00:00.000,Some Person Information test remarks
150022001000001456616744,TOOWOOMBA,QLD,AUS,GRP,;AUS;ALB;ASM;,;AMHAR;BURME;CAMBO;CZECH;ENGLI;,;AAC;COU;DEA;USE;PAE;PST;,AGN,;ABR;BTH;UNK;,1,;DEP;ILT;,SYDNEY,2014-01-03 00:00:00.000,Some Person Information test remarks
150022001000001456616547,TOOWOOMBA,QLD,AUS,GRP,;AUS;ALB;ASM;,;AMHAR;BURME;CAMBO;CZECH;ENGLI;,;AAC;COU;DEA;USE;PAE;PST;,AGN,;ABR;BTH;UNK;,1,;DEP;ILT;,SYDNEY,2014-01-03 00:00:00.000,Some Person Information test remarks
150022001000001456616370,TOOWOOMBA,QLD,AUS,GRP,;AUS;ALB;ASM;,;AMHAR;BURME;CAMBO;CZECH;ENGLI;,;AAC;COU;DEA;USE;PAE;PST;,AGN,;ABR;BTH;UNK;,1,;DEP;ILT;,SYDNEY,2014-01-03 00:00:00.000,Some Person Information test remarks
150022001000001456616096,TOOWOOMBA,QLD,AUS,GRP,;AUS;ALB;ASM;,;AMHAR;BURME;CAMBO;CZECH;ENGLI;,;AAC;COU;DEA;USE;PAE;PST;,AGN,;ABR;BTH;UNK;,1,;DEP;ILT;,SYDNEY,2014-01-03 00:00:00.000,Some Person Information test remarks
150022001000001456615906,TOOWOOMBA,QLD,AUS,GRP,;AUS;ALB;ASM;,;AMHAR;BURME;CAMBO;CZECH;ENGLI;,;AAC;COU;DEA;USE;PAE;PST;,AGN,;ABR;BTH;UNK;,1,;DEP;ILT;,SYDNEY,2014-01-03 00:00:00.000,Some Person Information test remarks
150022001000001456615676,TOOWOOMBA,QLD,AUS,GRP,;AUS;ALB;ASM;,;AMHAR;BURME;CAMBO;CZECH;ENGLI;,;AAC;COU;DEA;USE;PAE;PST;,AGN,;ABR;BTH;UNK;,1,;DEP;ILT;,SYDNEY,2014-01-03 00:00:00.000,Some Person Information test remarks
150022001000001456615472,TOOWOOMBA,QLD,AUS,GRP,;AUS;ALB;ASM;,;AMHAR;BURME;CAMBO;CZECH;ENGLI;,;AAC;COU;DEA;USE;PAE;PST;,AGN,;ABR;BTH;UNK;,1,;DEP;ILT;,SYDNEY,2014-01-03 00:00:00.000,Some Person Information test remarks
150022001000001456615275,TOOWOOMBA,QLD,AUS,GRP,;AUS;ALB;ASM;,;AMHAR;BURME;CAMBO;CZECH;ENGLI;,;AAC;COU;DEA;USE;PAE;PST;,AGN,;ABR;BTH;UNK;,1,;DEP;ILT;,SYDNEY,2014-01-03 00:00:00.000,Some Person Information test remarks
150022001000001456615077,TOOWOOMBA,QLD,AUS,GRP,;AUS;ALB;ASM;,;AMHAR;BURME;CAMBO;CZECH;ENGLI;,;AAC;COU;DEA;USE;PAE;PST;,AGN,;ABR;BTH;UNK;,1,;DEP;ILT;,SYDNEY,2014-01-03 00:00:00.000,Some Person Information test remarks
150022001000001456614886,TOOWOOMBA,QLD,AUS,GRP,;AUS;ALB;ASM;,;AMHAR;BURME;CAMBO;CZECH;ENGLI;,;AAC;COU;DEA;USE;PAE;PST;,AGN,;ABR;BTH;UNK;,1,;DEP;ILT;,SYDNEY,2014-01-03 00:00:00.000,Some Person Information test remarks
150022001000001456614673,TOOWOOMBA,QLD,AUS,GRP,;AUS;ALB;ASM;,;AMHAR;BURME;CAMBO;CZECH;ENGLI;,;AAC;COU;DEA;USE;PAE;PST;,AGN,;ABR;BTH;UNK;,1,;DEP;ILT;,SYDNEY,2014-01-03 00:00:00.000,Some Person Information test remarks
150022001000001456614422,TOOWOOMBA,QLD,AUS,GRP,;AUS;ALB;ASM;,;AMHAR;BURME;CAMBO;CZECH;ENGLI;,;AAC;COU;DEA;USE;PAE;PST;,AGN,;ABR;BTH;UNK;,1,;DEP;ILT;,SYDNEY,2014-01-03 00:00:00.000,Some Person Information test remarks
150022001000001456614215,TOOWOOMBA,QLD,AUS,GRP,;AUS;ALB;ASM;,;AMHAR;BURME;CAMBO;CZECH;ENGLI;,;AAC;COU;DEA;USE;PAE;PST;,AGN,;ABR;BTH;UNK;,1,;DEP;ILT;,SYDNEY,2014-01-03 00:00:00.000,Some Person Information test remarks
150022001000001456614018,TOOWOOMBA,QLD,AUS,GRP,;AUS;ALB;ASM;,;AMHAR;BURME;CAMBO;CZECH;ENGLI;,;AAC;COU;DEA;USE;PAE;PST;,AGN,;ABR;BTH;UNK;,1,;DEP;ILT;,SYDNEY,2014-01-03 00:00:00.000,Some Person Information test remarks
150022001000001456613823,TOOWOOMBA,QLD,AUS,GRP,;AUS;ALB;ASM;,;AMHAR;BURME;CAMBO;CZECH;ENGLI;,;AAC;COU;DEA;USE;PAE;PST;,AGN,;ABR;BTH;UNK;,1,;DEP;ILT;,SYDNEY,2014-01-03 00:00:00.000,Some Person Information test remarks
150022001000001456613646,TOOWOOMBA,QLD,AUS,GRP,;AUS;ALB;ASM;,;AMHAR;BURME;CAMBO;CZECH;ENGLI;,;AAC;COU;DEA;USE;PAE;PST;,AGN,;ABR;BTH;UNK;,1,;DEP;ILT;,SYDNEY,2014-01-03 00:00:00.000,Some Person Information test remarks
150022001000001456613470,TOOWOOMBA,QLD,AUS,GRP,;AUS;ALB;ASM;,;AMHAR;BURME;CAMBO;CZECH;ENGLI;,;AAC;COU;DEA;USE;PAE;PST;,AGN,;ABR;BTH;UNK;,1,;DEP;ILT;,SYDNEY,2014-01-03 00:00:00.000,Some Person Information test remarks
150022001000001456613311,TOOWOOMBA,QLD,AUS,GRP,;AUS;ALB;ASM;,;AMHAR;BURME;CAMBO;CZECH;ENGLI;,;AAC;COU;DEA;USE;PAE;PST;,AGN,;ABR;BTH;UNK;,1,;DEP;ILT;,SYDNEY,2014-01-03 00:00:00.000,Some Person Information test remarks
150022001000001456613136,TOOWOOMBA,QLD,AUS,GRP,;AUS;ALB;ASM;,;AMHAR;BURME;CAMBO;CZECH;ENGLI;,;AAC;COU;DEA;USE;PAE;PST;,AGN,;ABR;BTH;UNK;,1,;DEP;ILT;,SYDNEY,2014-01-03 00:00:00.000,Some Person Information test remarks
150022001000001456612962,TOOWOOMBA,QLD,AUS,GRP,;AUS;ALB;ASM;,;AMHAR;BURME;CAMBO;CZECH;ENGLI;,;AAC;COU;DEA;USE;PAE;PST;,AGN,;ABR;BTH;UNK;,1,;DEP;ILT;,SYDNEY,2014-01-03 00:00:00.000,Some Person Information test remarks
150022001000001456612762,TOOWOOMBA,QLD,AUS,GRP,;AUS;ALB;ASM;,;AMHAR;BURME;CAMBO;CZECH;ENGLI;,;AAC;COU;DEA;USE;PAE;PST;,AGN,;ABR;BTH;UNK;,1,;DEP;ILT;,SYDNEY,2014-01-03 00:00:00.000,Some Person Information test remarks
150022001000001456612593,TOOWOOMBA,QLD,AUS,GRP,;AUS;ALB;ASM;,;AMHAR;BURME;CAMBO;CZECH;ENGLI;,;AAC;COU;DEA;USE;PAE;PST;,AGN,;ABR;BTH;UNK;,1,;DEP;ILT;,SYDNEY,2014-01-03 00:00:00.000,Some Person Information test remarks
150022001000001456612369,TOOWOOMBA,QLD,AUS,GRP,;AUS;ALB;ASM;,;AMHAR;BURME;CAMBO;CZECH;ENGLI;,;AAC;COU;DEA;USE;PAE;PST;,AGN,;ABR;BTH;UNK;,1,;DEP;ILT;,SYDNEY,2014-01-03 00:00:00.000,Some Person Information test remarks
150022001000001456612102,TOOWOOMBA,QLD,AUS,GRP,;AUS;ALB;ASM;,;AMHAR;BURME;CAMBO;CZECH;ENGLI;,;AAC;COU;DEA;USE;PAE;PST;,AGN,;ABR;BTH;UNK;,1,;DEP;ILT;,SYDNEY,2014-01-03 00:00:00.000,Some Person Information test remarks
150022001000001456611917,TOOWOOMBA,QLD,AUS,GRP,;AUS;ALB;ASM;,;AMHAR;BURME;CAMBO;CZECH;ENGLI;,;AAC;COU;DEA;USE;PAE;PST;,AGN,;ABR;BTH;UNK;,1,;DEP;ILT;,SYDNEY,2014-01-03 00:00:00.000,Some Person Information test remarks
150022001000001456611676,TOOWOOMBA,QLD,AUS,GRP,;AUS;ALB;ASM;,;AMHAR;BURME;CAMBO;CZECH;ENGLI;,;AAC;COU;DEA;USE;PAE;PST;,AGN,;ABR;BTH;UNK;,1,;DEP;ILT;,SYDNEY,2014-01-03 00:00:00.000,Some Person Information test remarks
150022001000001456611505,TOOWOOMBA,QLD,AUS,GRP,;AUS;ALB;ASM;,;AMHAR;BURME;CAMBO;CZECH;ENGLI;,;AAC;COU;DEA;USE;PAE;PST;,AGN,;ABR;BTH;UNK;,1,;DEP;ILT;,SYDNEY,2014-01-03 00:00:00.000,Some Person Information test remarks
150022001000001456611352,TOOWOOMBA,QLD,AUS,GRP,;AUS;ALB;ASM;,;AMHAR;BURME;CAMBO;CZECH;ENGLI;,;AAC;COU;DEA;USE;PAE;PST;,AGN,;ABR;BTH;UNK;,1,;DEP;ILT;,SYDNEY,2014-01-03 00:00:00.000,Some Person Information test remarks
150022001000001456611170,TOOWOOMBA,QLD,AUS,GRP,;AUS;ALB;ASM;,;AMHAR;BURME;CAMBO;CZECH;ENGLI;,;AAC;COU;DEA;USE;PAE;PST;,AGN,;ABR;BTH;UNK;,1,;DEP;ILT;,SYDNEY,2014-01-03 00:00:00.000,Some Person Information test remarks
150022001000001456610986,TOOWOOMBA,QLD,AUS,GRP,;AUS;ALB;ASM;,;AMHAR;BURME;CAMBO;CZECH;ENGLI;,;AAC;COU;DEA;USE;PAE;PST;,AGN,;ABR;BTH;UNK;,1,;DEP;ILT;,SYDNEY,2014-01-03 00:00:00.000,Some Person Information test remarks
150022001000001456610815,TOOWOOMBA,QLD,AUS,GRP,;AUS;ALB;ASM;,;AMHAR;BURME;CAMBO;CZECH;ENGLI;,;AAC;COU;DEA;USE;PAE;PST;,AGN,;ABR;BTH;UNK;,1,;DEP;ILT;,SYDNEY,2014-01-03 00:00:00.000,Some Person Information test remarks
150022001000001456610472,TOOWOOMBA,QLD,AUS,GRP,;AUS;ALB;ASM;,;AMHAR;BURME;CAMBO;CZECH;ENGLI;,;AAC;COU;DEA;USE;PAE;PST;,AGN,;ABR;BTH;UNK;,1,;DEP;ILT;,SYDNEY,2014-01-03 00:00:00.000,Some Person Information test remarks
150022001000001456610272,TOOWOOMBA,QLD,AUS,GRP,;AUS;ALB;ASM;,;AMHAR;BURME;CAMBO;CZECH;ENGLI;,;AAC;COU;DEA;USE;PAE;PST;,AGN,;ABR;BTH;UNK;,1,;DEP;ILT;,SYDNEY,2014-01-03 00:00:00.000,Some Person Information test remarks
150022001000001456610046,TOOWOOMBA,QLD,AUS,GRP,;AUS;ALB;ASM;,;AMHAR;BURME;CAMBO;CZECH;ENGLI;,;AAC;COU;DEA;USE;PAE;PST;,AGN,;ABR;BTH;UNK;,1,;DEP;ILT;,SYDNEY,2014-01-03 00:00:00.000,Some Person Information test remarks
150022001000001456609867,TOOWOOMBA,QLD,AUS,GRP,;AUS;ALB;ASM;,;AMHAR;BURME;CAMBO;CZECH;ENGLI;,;AAC;COU;DEA;USE;PAE;PST;,AGN,;ABR;BTH;UNK;,1,;DEP;ILT;,SYDNEY,2014-01-03 00:00:00.000,Some Person Information test remarks
150022001000001456609697,TOOWOOMBA,QLD,AUS,GRP,;AUS;ALB;ASM;,;AMHAR;BURME;CAMBO;CZECH;ENGLI;,;AAC;COU;DEA;USE;PAE;PST;,AGN,;ABR;BTH;UNK;,1,;DEP;ILT;,SYDNEY,2014-01-03 00:00:00.000,Some Person Information test remarks
150022001000001456609515,TOOWOOMBA,QLD,AUS,GRP,;AUS;ALB;ASM;,;AMHAR;BURME;CAMBO;CZECH;ENGLI;,;AAC;COU;DEA;USE;PAE;PST;,AGN,;ABR;BTH;UNK;,1,;DEP;ILT;,SYDNEY,2014-01-03 00:00:00.000,Some Person Information test remarks
150022001000001456609336,TOOWOOMBA,QLD,AUS,GRP,;AUS;ALB;ASM;,;AMHAR;BURME;CAMBO;CZECH;ENGLI;,;AAC;COU;DEA;USE;PAE;PST;,AGN,;ABR;BTH;UNK;,1,;DEP;ILT;,SYDNEY,2014-01-03 00:00:00.000,Some Person Information test remarks
150022001000001456609153,TOOWOOMBA,QLD,AUS,GRP,;AUS;ALB;ASM;,;AMHAR;BURME;CAMBO;CZECH;ENGLI;,;AAC;COU;DEA;USE;PAE;PST;,AGN,;ABR;BTH;UNK;,1,;DEP;ILT;,SYDNEY,2014-01-03 00:00:00.000,Some Person Information test remarks
150022001000001456608958,TOOWOOMBA,QLD,AUS,GRP,;AUS;ALB;ASM;,;AMHAR;BURME;CAMBO;CZECH;ENGLI;,;AAC;COU;DEA;USE;PAE;PST;,AGN,;ABR;BTH;UNK;,1,;DEP;ILT;,SYDNEY,2014-01-03 00:00:00.000,Some Person Information test remarks
150022001000001456608819,TOOWOOMBA,QLD,AUS,GRP,;AUS;ALB;ASM;,;AMHAR;BURME;CAMBO;CZECH;ENGLI;,;AAC;COU;DEA;USE;PAE;PST;,AGN,;ABR;BTH;UNK;,1,;DEP;ILT;,SYDNEY,2014-01-03 00:00:00.000,Some Person Information test remarks
150022001000001456608598,TOOWOOMBA,QLD,AUS,GRP,;AUS;ALB;ASM;,;AMHAR;BURME;CAMBO;CZECH;ENGLI;,;AAC;COU;DEA;USE;PAE;PST;,AGN,;ABR;BTH;UNK;,1,;DEP;ILT;,SYDNEY,2014-01-03 00:00:00.000,Some Person Information test remarks
150022001000001456608474,TOOWOOMBA,QLD,AUS,GRP,;AUS;ALB;ASM;,;AMHAR;BURME;CAMBO;CZECH;ENGLI;,;AAC;COU;DEA;USE;PAE;PST;,AGN,;ABR;BTH;UNK;,1,;DEP;ILT;,SYDNEY,2014-01-03 00:00:00.000,Some Person Information test remarks
150022001000001456608342,TOOWOOMBA,QLD,AUS,GRP,;AUS;ALB;ASM;,;AMHAR;BURME;CAMBO;CZECH;ENGLI;,;AAC;COU;DEA;USE;PAE;PST;,AGN,;ABR;BTH;UNK;,1,;DEP;ILT;,SYDNEY,2014-01-03 00:00:00.000,Some Person Information test remarks
150022001000001456608171,TOOWOOMBA,QLD,AUS,GRP,;AUS;ALB;ASM;,;AMHAR;BURME;CAMBO;CZECH;ENGLI;,;AAC;COU;DEA;USE;PAE;PST;,AGN,;ABR;BTH;UNK;,1,;DEP;ILT;,SYDNEY,2014-01-03 00:00:00.000,Some Person Information test remarks
150022001000001456608008,TOOWOOMBA,QLD,AUS,GRP,;AUS;ALB;ASM;,;AMHAR;BURME;CAMBO;CZECH;ENGLI;,;AAC;COU;DEA;USE;PAE;PST;,AGN,;ABR;BTH;UNK;,1,;DEP;ILT;,SYDNEY,2014-01-03 00:00:00.000,Some Person Information test remarks
150022001000001456607833,TOOWOOMBA,QLD,AUS,GRP,;AUS;ALB;ASM;,;AMHAR;BURME;CAMBO;CZECH;ENGLI;,;AAC;COU;DEA;USE;PAE;PST;,AGN,;ABR;BTH;UNK;,1,;DEP;ILT;,SYDNEY,2014-01-03 00:00:00.000,Some Person Information test remarks
150022001000001456607652,TOOWOOMBA,QLD,AUS,GRP,;AUS;ALB;ASM;,;AMHAR;BURME;CAMBO;CZECH;ENGLI;,;AAC;COU;DEA;USE;PAE;PST;,AGN,;ABR;BTH;UNK;,1,;DEP;ILT;,SYDNEY,2014-01-03 00:00:00.000,Some Person Information test remarks
150022001000001456607463,TOOWOOMBA,QLD,AUS,GRP,;AUS;ALB;ASM;,;AMHAR;BURME;CAMBO;CZECH;ENGLI;,;AAC;COU;DEA;USE;PAE;PST;,AGN,;ABR;BTH;UNK;,1,;DEP;ILT;,SYDNEY,2014-01-03 00:00:00.000,Some Person Information test remarks
150022001000001456607278,TOOWOOMBA,QLD,AUS,GRP,;AUS;ALB;ASM;,;AMHAR;BURME;CAMBO;CZECH;ENGLI;,;AAC;COU;DEA;USE;PAE;PST;,AGN,;ABR;BTH;UNK;,1,;DEP;ILT;,SYDNEY,2014-01-03 00:00:00.000,Some Person Information test remarks
150022001000001456607147,TOOWOOMBA,QLD,AUS,GRP,;AUS;ALB;ASM;,;AMHAR;BURME;CAMBO;CZECH;ENGLI;,;AAC;COU;DEA;USE;PAE;PST;,AGN,;ABR;BTH;UNK;,1,;DEP;ILT;,SYDNEY,2014-01-03 00:00:00.000,Some Person Information test remarks
150022001000001456606970,TOOWOOMBA,QLD,AUS,GRP,;AUS;ALB;ASM;,;AMHAR;BURME;CAMBO;CZECH;ENGLI;,;AAC;COU;DEA;USE;PAE;PST;,AGN,;ABR;BTH;UNK;,1,;DEP;ILT;,SYDNEY,2014-01-03 00:00:00.000,Some Person Information test remarks
150022001000001456606829,TOOWOOMBA,QLD,AUS,GRP,;AUS;ALB;ASM;,;AMHAR;BURME;CAMBO;CZECH;ENGLI;,;AAC;COU;DEA;USE;PAE;PST;,AGN,;ABR;BTH;UNK;,1,;DEP;ILT;,SYDNEY,2014-01-03 00:00:00.000,Some Person Information test remarks
150022001000001456606597,TOOWOOMBA,QLD,AUS,GRP,;AUS;ALB;ASM;,;AMHAR;BURME;CAMBO;CZECH;ENGLI;,;AAC;COU;DEA;USE;PAE;PST;,AGN,;ABR;BTH;UNK;,1,;DEP;ILT;,SYDNEY,2014-01-03 00:00:00.000,Some Person Information test remarks
150022001000001456606369,TOOWOOMBA,QLD,AUS,GRP,;AUS;ALB;ASM;,;AMHAR;BURME;CAMBO;CZECH;ENGLI;,;AAC;COU;DEA;USE;PAE;PST;,AGN,;ABR;BTH;UNK;,1,;DEP;ILT;,SYDNEY,2014-01-03 00:00:00.000,Some Person Information test remarks
150022001000001456606194,TOOWOOMBA,QLD,AUS,GRP,;AUS;ALB;ASM;,;AMHAR;BURME;CAMBO;CZECH;ENGLI;,;AAC;COU;DEA;USE;PAE;PST;,AGN,;ABR;BTH;UNK;,1,;DEP;ILT;,SYDNEY,2014-01-03 00:00:00.000,Some Person Information test remarks
150022001000001456606053,TOOWOOMBA,QLD,AUS,GRP,;AUS;ALB;ASM;,;AMHAR;BURME;CAMBO;CZECH;ENGLI;,;AAC;COU;DEA;USE;PAE;PST;,AGN,;ABR;BTH;UNK;,1,;DEP;ILT;,SYDNEY,2014-01-03 00:00:00.000,Some Person Information test remarks
150022001000001456605920,TOOWOOMBA,QLD,AUS,GRP,;AUS;ALB;ASM;,;AMHAR;BURME;CAMBO;CZECH;ENGLI;,;AAC;COU;DEA;USE;PAE;PST;,AGN,;ABR;BTH;UNK;,1,;DEP;ILT;,SYDNEY,2014-01-03 00:00:00.000,Some Person Information test remarks
150022001000001456605777,TOOWOOMBA,QLD,AUS,GRP,;AUS;ALB;ASM;,;AMHAR;BURME;CAMBO;CZECH;ENGLI;,;AAC;COU;DEA;USE;PAE;PST;,AGN,;ABR;BTH;UNK;,1,;DEP;ILT;,SYDNEY,2014-01-03 00:00:00.000,Some Person Information test remarks
150022001000001456605642,TOOWOOMBA,QLD,AUS,GRP,;AUS;ALB;ASM;,;AMHAR;BURME;CAMBO;CZECH;ENGLI;,;AAC;COU;DEA;USE;PAE;PST;,AGN,;ABR;BTH;UNK;,1,;DEP;ILT;,SYDNEY,2014-01-03 00:00:00.000,Some Person Information test remarks
150022001000001456605515,TOOWOOMBA,QLD,AUS,GRP,;AUS;ALB;ASM;,;AMHAR;BURME;CAMBO;CZECH;ENGLI;,;AAC;COU;DEA;USE;PAE;PST;,AGN,;ABR;BTH;UNK;,1,;DEP;ILT;,SYDNEY,2014-01-03 00:00:00.000,Some Person Information test remarks
150022001000001456605318,TOOWOOMBA,QLD,AUS,GRP,;AUS;ALB;ASM;,;AMHAR;BURME;CAMBO;CZECH;ENGLI;,;AAC;COU;DEA;USE;PAE;PST;,AGN,;ABR;BTH;UNK;,1,;DEP;ILT;,SYDNEY,2014-01-03 00:00:00.000,Some Person Information test remarks
150022001000001456605139,TOOWOOMBA,QLD,AUS,GRP,;AUS;ALB;ASM;,;AMHAR;BURME;CAMBO;CZECH;ENGLI;,;AAC;COU;DEA;USE;PAE;PST;,AGN,;ABR;BTH;UNK;,1,;DEP;ILT;,SYDNEY,2014-01-03 00:00:00.000,Some Person Information test remarks
150022001000001456604974,TOOWOOMBA,QLD,AUS,GRP,;AUS;ALB;ASM;,;AMHAR;BURME;CAMBO;CZECH;ENGLI;,;AAC;COU;DEA;USE;PAE;PST;,AGN,;ABR;BTH;UNK;,1,;DEP;ILT;,SYDNEY,2014-01-03 00:00:00.000,Some Person Information test remarks
150022001000001456604837,TOOWOOMBA,QLD,AUS,GRP,;AUS;ALB;ASM;,;AMHAR;BURME;CAMBO;CZECH;ENGLI;,;AAC;COU;DEA;USE;PAE;PST;,AGN,;ABR;BTH;UNK;,1,;DEP;ILT;,SYDNEY,2014-01-03 00:00:00.000,Some Person Information test remarks
150022001000001456604704,TOOWOOMBA,QLD,AUS,GRP,;AUS;ALB;ASM;,;AMHAR;BURME;CAMBO;CZECH;ENGLI;,;AAC;COU;DEA;USE;PAE;PST;,AGN,;ABR;BTH;UNK;,1,;DEP;ILT;,SYDNEY,2014-01-03 00:00:00.000,Some Person Information test remarks
150022001000001456604575,TOOWOOMBA,QLD,AUS,GRP,;AUS;ALB;ASM;,;AMHAR;BURME;CAMBO;CZECH;ENGLI;,;AAC;COU;DEA;USE;PAE;PST;,AGN,;ABR;BTH;UNK;,1,;DEP;ILT;,SYDNEY,2014-01-03 00:00:00.000,Some Person Information test remarks
150022001000001456604436,TOOWOOMBA,QLD,AUS,GRP,;AUS;ALB;ASM;,;AMHAR;BURME;CAMBO;CZECH;ENGLI;,;AAC;COU;DEA;USE;PAE;PST;,AGN,;ABR;BTH;UNK;,1,;DEP;ILT;,SYDNEY,2014-01-03 00:00:00.000,Some Person Information test remarks
150022001000001456604278,TOOWOOMBA,QLD,AUS,GRP,;AUS;ALB;ASM;,;AMHAR;BURME;CAMBO;CZECH;ENGLI;,;AAC;COU;DEA;USE;PAE;PST;,AGN,;ABR;BTH;UNK;,1,;DEP;ILT;,SYDNEY,2014-01-03 00:00:00.000,Some Person Information test remarks
150022001000001456604102,TOOWOOMBA,QLD,AUS,GRP,;AUS;ALB;ASM;,;AMHAR;BURME;CAMBO;CZECH;ENGLI;,;AAC;COU;DEA;USE;PAE;PST;,AGN,;ABR;BTH;UNK;,1,;DEP;ILT;,SYDNEY,2014-01-03 00:00:00.000,Some Person Information test remarks
150022001000001456603934,TOOWOOMBA,QLD,AUS,GRP,;AUS;ALB;ASM;,;AMHAR;BURME;CAMBO;CZECH;ENGLI;,;AAC;COU;DEA;USE;PAE;PST;,AGN,;ABR;BTH;UNK;,1,;DEP;ILT;,SYDNEY,2014-01-03 00:00:00.000,Some Person Information test remarks
150022001000001456603772,TOOWOOMBA,QLD,AUS,GRP,;AUS;ALB;ASM;,;AMHAR;BURME;CAMBO;CZECH;ENGLI;,;AAC;COU;DEA;USE;PAE;PST;,AGN,;ABR;BTH;UNK;,1,;DEP;ILT;,SYDNEY,2014-01-03 00:00:00.000,Some Person Information test remarks
150022001000001456603599,TOOWOOMBA,QLD,AUS,GRP,;AUS;ALB;ASM;,;AMHAR;BURME;CAMBO;CZECH;ENGLI;,;AAC;COU;DEA;USE;PAE;PST;,AGN,;ABR;BTH;UNK;,1,;DEP;ILT;,SYDNEY,2014-01-03 00:00:00.000,Some Person Information test remarks
150022001000001456603444,TOOWOOMBA,QLD,AUS,GRP,;AUS;ALB;ASM;,;AMHAR;BURME;CAMBO;CZECH;ENGLI;,;AAC;COU;DEA;USE;PAE;PST;,AGN,;ABR;BTH;UNK;,1,;DEP;ILT;,SYDNEY,2014-01-03 00:00:00.000,Some Person Information test remarks
150022001000001456603222,TOOWOOMBA,QLD,AUS,GRP,;AUS;ALB;ASM;,;AMHAR;BURME;CAMBO;CZECH;ENGLI;,;AAC;COU;DEA;USE;PAE;PST;,AGN,;ABR;BTH;UNK;,1,;DEP;ILT;,SYDNEY,2014-01-03 00:00:00.000,Some Person Information test remarks
150022001000001456603052,TOOWOOMBA,QLD,AUS,GRP,;AUS;ALB;ASM;,;AMHAR;BURME;CAMBO;CZECH;ENGLI;,;AAC;COU;DEA;USE;PAE;PST;,AGN,;ABR;BTH;UNK;,1,;DEP;ILT;,SYDNEY,2014-01-03 00:00:00.000,Some Person Information test remarks
150022001000001456602943,TOOWOOMBA,QLD,AUS,GRP,;AUS;ALB;ASM;,;AMHAR;BURME;CAMBO;CZECH;ENGLI;,;AAC;COU;DEA;USE;PAE;PST;,AGN,;ABR;BTH;UNK;,1,;DEP;ILT;,SYDNEY,2014-01-03 00:00:00.000,Some Person Information test remarks
150022001000001456602802,TOOWOOMBA,QLD,AUS,GRP,;AUS;ALB;ASM;,;AMHAR;BURME;CAMBO;CZECH;ENGLI;,;AAC;COU;DEA;USE;PAE;PST;,AGN,;ABR;BTH;UNK;,1,;DEP;ILT;,SYDNEY,2014-01-03 00:00:00.000,Some Person Information test remarks
150022001000001456602674,TOOWOOMBA,QLD,AUS,GRP,;AUS;ALB;ASM;,;AMHAR;BURME;CAMBO;CZECH;ENGLI;,;AAC;COU;DEA;USE;PAE;PST;,AGN,;ABR;BTH;UNK;,1,;DEP;ILT;,SYDNEY,2014-01-03 00:00:00.000,Some Person Information test remarks
150022001000001456602535,TOOWOOMBA,QLD,AUS,GRP,;AUS;ALB;ASM;,;AMHAR;BURME;CAMBO;CZECH;ENGLI;,;AAC;COU;DEA;USE;PAE;PST;,AGN,;ABR;BTH;UNK;,1,;DEP;ILT;,SYDNEY,2014-01-03 00:00:00.000,Some Person Information test remarks
150022001000001456602360,TOOWOOMBA,QLD,AUS,GRP,;AUS;ALB;ASM;,;AMHAR;BURME;CAMBO;CZECH;ENGLI;,;AAC;COU;DEA;USE;PAE;PST;,AGN,;ABR;BTH;UNK;,1,;DEP;ILT;,SYDNEY,2014-01-03 00:00:00.000,Some Person Information test remarks
150022001000001456602207,TOOWOOMBA,QLD,AUS,GRP,;AUS;ALB;ASM;,;AMHAR;BURME;CAMBO;CZECH;ENGLI;,;AAC;COU;DEA;USE;PAE;PST;,AGN,;ABR;BTH;UNK;,1,;DEP;ILT;,SYDNEY,2014-01-03 00:00:00.000,Some Person Information test remarks
150022001000001456602062,TOOWOOMBA,QLD,AUS,GRP,;AUS;ALB;ASM;,;AMHAR;BURME;CAMBO;CZECH;ENGLI;,;AAC;COU;DEA;USE;PAE;PST;,AGN,;ABR;BTH;UNK;,1,;DEP;ILT;,SYDNEY,2014-01-03 00:00:00.000,Some Person Information test remarks
150022001000001456601935,TOOWOOMBA,QLD,AUS,GRP,;AUS;ALB;ASM;,;AMHAR;BURME;CAMBO;CZECH;ENGLI;,;AAC;COU;DEA;USE;PAE;PST;,AGN,;ABR;BTH;UNK;,1,;DEP;ILT;,SYDNEY,2014-01-03 00:00:00.000,Some Person Information test remarks
150022001000001456601790,TOOWOOMBA,QLD,AUS,GRP,;AUS;ALB;ASM;,;AMHAR;BURME;CAMBO;CZECH;ENGLI;,;AAC;COU;DEA;USE;PAE;PST;,AGN,;ABR;BTH;UNK;,1,;DEP;ILT;,SYDNEY,2014-01-03 00:00:00.000,Some Person Information test remarks
150022001000001456601652,TOOWOOMBA,QLD,AUS,GRP,;AUS;ALB;ASM;,;AMHAR;BURME;CAMBO;CZECH;ENGLI;,;AAC;COU;DEA;USE;PAE;PST;,AGN,;ABR;BTH;UNK;,1,;DEP;ILT;,SYDNEY,2014-01-03 00:00:00.000,Some Person Information test remarks
150022001000001456601521,TOOWOOMBA,QLD,AUS,GRP,;AUS;ALB;ASM;,;AMHAR;BURME;CAMBO;CZECH;ENGLI;,;AAC;COU;DEA;USE;PAE;PST;,AGN,;ABR;BTH;UNK;,1,;DEP;ILT;,SYDNEY,2014-01-03 00:00:00.000,Some Person Information test remarks
150022001000001456601384,TOOWOOMBA,QLD,AUS,GRP,;AUS;ALB;ASM;,;AMHAR;BURME;CAMBO;CZECH;ENGLI;,;AAC;COU;DEA;USE;PAE;PST;,AGN,;ABR;BTH;UNK;,1,;DEP;ILT;,SYDNEY,2014-01-03 00:00:00.000,Some Person Information test remarks
150022001000001456601231,TOOWOOMBA,QLD,AUS,GRP,;AUS;ALB;ASM;,;AMHAR;BURME;CAMBO;CZECH;ENGLI;,;AAC;COU;DEA;USE;PAE;PST;,AGN,;ABR;BTH;UNK;,1,;DEP;ILT;,SYDNEY,2014-01-03 00:00:00.000,Some Person Information test remarks
150022001000001456601086,TOOWOOMBA,QLD,AUS,GRP,;AUS;ALB;ASM;,;AMHAR;BURME;CAMBO;CZECH;ENGLI;,;AAC;COU;DEA;USE;PAE;PST;,AGN,;ABR;BTH;UNK;,1,;DEP;ILT;,SYDNEY,2014-01-03 00:00:00.000,Some Person Information test remarks
150022001000001456600921,TOOWOOMBA,QLD,AUS,GRP,;AUS;ALB;ASM;,;AMHAR;BURME;CAMBO;CZECH;ENGLI;,;AAC;COU;DEA;USE;PAE;PST;,AGN,;ABR;BTH;UNK;,1,;DEP;ILT;,SYDNEY,2014-01-03 00:00:00.000,Some Person Information test remarks
150022001000001456600774,TOOWOOMBA,QLD,AUS,GRP,;AUS;ALB;ASM;,;AMHAR;BURME;CAMBO;CZECH;ENGLI;,;AAC;COU;DEA;USE;PAE;PST;,AGN,;ABR;BTH;UNK;,1,;DEP;ILT;,SYDNEY,2014-01-03 00:00:00.000,Some Person Information test remarks
150022001000001456600627,TOOWOOMBA,QLD,AUS,GRP,;AUS;ALB;ASM;,;AMHAR;BURME;CAMBO;CZECH;ENGLI;,;AAC;COU;DEA;USE;PAE;PST;,AGN,;ABR;BTH;UNK;,1,;DEP;ILT;,SYDNEY,2014-01-03 00:00:00.000,Some Person Information test remarks
150022001000001456600500,TOOWOOMBA,QLD,AUS,GRP,;AUS;ALB;ASM;,;AMHAR;BURME;CAMBO;CZECH;ENGLI;,;AAC;COU;DEA;USE;PAE;PST;,AGN,;ABR;BTH;UNK;,1,;DEP;ILT;,SYDNEY,2014-01-03 00:00:00.000,Some Person Information test remarks
150022001000001456600367,TOOWOOMBA,QLD,AUS,GRP,;AUS;ALB;ASM;,;AMHAR;BURME;CAMBO;CZECH;ENGLI;,;AAC;COU;DEA;USE;PAE;PST;,AGN,;ABR;BTH;UNK;,1,;DEP;ILT;,SYDNEY,2014-01-03 00:00:00.000,Some Person Information test remarks
150022001000001456600228,TOOWOOMBA,QLD,AUS,GRP,;AUS;ALB;ASM;,;AMHAR;BURME;CAMBO;CZECH;ENGLI;,;AAC;COU;DEA;USE;PAE;PST;,AGN,;ABR;BTH;UNK;,1,;DEP;ILT;,SYDNEY,2014-01-03 00:00:00.000,Some Person Information test remarks
150022001000001456600101,TOOWOOMBA,QLD,AUS,GRP,;AUS;ALB;ASM;,;AMHAR;BURME;CAMBO;CZECH;ENGLI;,;AAC;COU;DEA;USE;PAE;PST;,AGN,;ABR;BTH;UNK;,1,;DEP;ILT;,SYDNEY,2014-01-03 00:00:00.000,Some Person Information test remarks
150022001000001456599966,TOOWOOMBA,QLD,AUS,GRP,;AUS;ALB;ASM;,;AMHAR;BURME;CAMBO;CZECH;ENGLI;,;AAC;COU;DEA;USE;PAE;PST;,AGN,;ABR;BTH;UNK;,1,;DEP;ILT;,SYDNEY,2014-01-03 00:00:00.000,Some Person Information test remarks
150022001000001456599829,TOOWOOMBA,QLD,AUS,GRP,;AUS;ALB;ASM;,;AMHAR;BURME;CAMBO;CZECH;ENGLI;,;AAC;COU;DEA;USE;PAE;PST;,AGN,;ABR;BTH;UNK;,1,;DEP;ILT;,SYDNEY,2014-01-03 00:00:00.000,Some Person Information test remarks
150022001000001456599667,TOOWOOMBA,QLD,AUS,GRP,;AUS;ALB;ASM;,;AMHAR;BURME;CAMBO;CZECH;ENGLI;,;AAC;COU;DEA;USE;PAE;PST;,AGN,;ABR;BTH;UNK;,1,;DEP;ILT;,SYDNEY,2014-01-03 00:00:00.000,Some Person Information test remarks
150022001000001456599537,TOOWOOMBA,QLD,AUS,GRP,;AUS;ALB;ASM;,;AMHAR;BURME;CAMBO;CZECH;ENGLI;,;AAC;COU;DEA;USE;PAE;PST;,AGN,;ABR;BTH;UNK;,1,;DEP;ILT;,SYDNEY,2014-01-03 00:00:00.000,Some Person Information test remarks
150022001000001456599348,TOOWOOMBA,QLD,AUS,GRP,;AUS;ALB;ASM;,;AMHAR;BURME;CAMBO;CZECH;ENGLI;,;AAC;COU;DEA;USE;PAE;PST;,AGN,;ABR;BTH;UNK;,1,;DEP;ILT;,SYDNEY,2014-01-03 00:00:00.000,Some Person Information test remarks
150022001000001456599215,TOOWOOMBA,QLD,AUS,GRP,;AUS;ALB;ASM;,;AMHAR;BURME;CAMBO;CZECH;ENGLI;,;AAC;COU;DEA;USE;PAE;PST;,AGN,;ABR;BTH;UNK;,1,;DEP;ILT;,SYDNEY,2014-01-03 00:00:00.000,Some Person Information test remarks
150022001000001456590422,TOOWOOMBA,QLD,AUS,GRP,;AUS;ALB;ASM;,;AMHAR;BURME;CAMBO;CZECH;ENGLI;,;AAC;COU;DEA;USE;PAE;PST;,AGN,;ABR;BTH;UNK;,1,;DEP;ILT;,SYDNEY,2014-01-03 00:00:00.000,Some Person Information test remarks
150022001000001456590261,TOOWOOMBA,QLD,AUS,GRP,;AUS;ALB;ASM;,;AMHAR;BURME;CAMBO;CZECH;ENGLI;,;AAC;COU;DEA;USE;PAE;PST;,AGN,;ABR;BTH;UNK;,1,;DEP;ILT;,SYDNEY,2014-01-03 00:00:00.000,Some Person Information test remarks
150022001000001456590108,TOOWOOMBA,QLD,AUS,GRP,;AUS;ALB;ASM;,;AMHAR;BURME;CAMBO;CZECH;ENGLI;,;AAC;COU;DEA;USE;PAE;PST;,AGN,;ABR;BTH;UNK;,1,;DEP;ILT;,SYDNEY,2014-01-03 00:00:00.000,Some Person Information test remarks
150022001000001456589959,TOOWOOMBA,QLD,AUS,GRP,;AUS;ALB;ASM;,;AMHAR;BURME;CAMBO;CZECH;ENGLI;,;AAC;COU;DEA;USE;PAE;PST;,AGN,;ABR;BTH;UNK;,1,;DEP;ILT;,SYDNEY,2014-01-03 00:00:00.000,Some Person Information test remarks
150022001000001456589779,TOOWOOMBA,QLD,AUS,GRP,;AUS;ALB;ASM;,;AMHAR;BURME;CAMBO;CZECH;ENGLI;,;AAC;COU;DEA;USE;PAE;PST;,AGN,;ABR;BTH;UNK;,1,;DEP;ILT;,SYDNEY,2014-01-03 00:00:00.000,Some Person Information test remarks
150022001000001456589641,TOOWOOMBA,QLD,AUS,GRP,;AUS;ALB;ASM;,;AMHAR;BURME;CAMBO;CZECH;ENGLI;,;AAC;COU;DEA;USE;PAE;PST;,AGN,;ABR;BTH;UNK;,1,;DEP;ILT;,SYDNEY,2014-01-03 00:00:00.000,Some Person Information test remarks
150022001000001456589515,TOOWOOMBA,QLD,AUS,GRP,;AUS;ALB;ASM;,;AMHAR;BURME;CAMBO;CZECH;ENGLI;,;AAC;COU;DEA;USE;PAE;PST;,AGN,;ABR;BTH;UNK;,1,;DEP;ILT;,SYDNEY,2014-01-03 00:00:00.000,Some Person Information test remarks
150022001000001456589292,TOOWOOMBA,QLD,AUS,GRP,;AUS;ALB;ASM;,;AMHAR;BURME;CAMBO;CZECH;ENGLI;,;AAC;COU;DEA;USE;PAE;PST;,AGN,;ABR;BTH;UNK;,1,;DEP;ILT;,SYDNEY,2014-01-03 00:00:00.000,Some Person Information test remarks
150022001000001456589090,TOOWOOMBA,QLD,AUS,GRP,;AUS;ALB;ASM;,;AMHAR;BURME;CAMBO;CZECH;ENGLI;,;AAC;COU;DEA;USE;PAE;PST;,AGN,;ABR;BTH;UNK;,1,;DEP;ILT;,SYDNEY,2014-01-03 00:00:00.000,Some Person Information test remarks
150022001000001456588953,TOOWOOMBA,QLD,AUS,GRP,;AUS;ALB;ASM;,;AMHAR;BURME;CAMBO;CZECH;ENGLI;,;AAC;COU;DEA;USE;PAE;PST;,AGN,;ABR;BTH;UNK;,1,;DEP;ILT;,SYDNEY,2014-01-03 00:00:00.000,Some Person Information test remarks
150022001000001456588814,TOOWOOMBA,QLD,AUS,GRP,;AUS;ALB;ASM;,;AMHAR;BURME;CAMBO;CZECH;ENGLI;,;AAC;COU;DEA;USE;PAE;PST;,AGN,;ABR;BTH;UNK;,1,;DEP;ILT;,SYDNEY,2014-01-03 00:00:00.000,Some Person Information test remarks
150022001000001456588677,TOOWOOMBA,QLD,AUS,GRP,;AUS;ALB;ASM;,;AMHAR;BURME;CAMBO;CZECH;ENGLI;,;AAC;COU;DEA;USE;PAE;PST;,AGN,;ABR;BTH;UNK;,1,;DEP;ILT;,SYDNEY,2014-01-03 00:00:00.000,Some Person Information test remarks
150022001000001456588551,TOOWOOMBA,QLD,AUS,GRP,;AUS;ALB;ASM;,;AMHAR;BURME;CAMBO;CZECH;ENGLI;,;AAC;COU;DEA;USE;PAE;PST;,AGN,;ABR;BTH;UNK;,1,;DEP;ILT;,SYDNEY,2014-01-03 00:00:00.000,Some Person Information test remarks
150022001000001456588426,TOOWOOMBA,QLD,AUS,GRP,;AUS;ALB;ASM;,;AMHAR;BURME;CAMBO;CZECH;ENGLI;,;AAC;COU;DEA;USE;PAE;PST;,AGN,;ABR;BTH;UNK;,1,;DEP;ILT;,SYDNEY,2014-01-03 00:00:00.000,Some Person Information test remarks
150022001000001456588294,TOOWOOMBA,QLD,AUS,GRP,;AUS;ALB;ASM;,;AMHAR;BURME;CAMBO;CZECH;ENGLI;,;AAC;COU;DEA;USE;PAE;PST;,AGN,;ABR;BTH;UNK;,1,;DEP;ILT;,SYDNEY,2014-01-03 00:00:00.000,Some Person Information test remarks
150022001000001456588157,TOOWOOMBA,QLD,AUS,GRP,;AUS;ALB;ASM;,;AMHAR;BURME;CAMBO;CZECH;ENGLI;,;AAC;COU;DEA;USE;PAE;PST;,AGN,;ABR;BTH;UNK;,1,;DEP;ILT;,SYDNEY,2014-01-03 00:00:00.000,Some Person Information test remarks
150022001000001456588022,TOOWOOMBA,QLD,AUS,GRP,;AUS;ALB;ASM;,;AMHAR;BURME;CAMBO;CZECH;ENGLI;,;AAC;COU;DEA;USE;PAE;PST;,AGN,;ABR;BTH;UNK;,1,;DEP;ILT;,SYDNEY,2014-01-03 00:00:00.000,Some Person Information test remarks
150022001000001456587893,TOOWOOMBA,QLD,AUS,GRP,;AUS;ALB;ASM;,;AMHAR;BURME;CAMBO;CZECH;ENGLI;,;AAC;COU;DEA;USE;PAE;PST;,AGN,;ABR;BTH;UNK;,1,;DEP;ILT;,SYDNEY,2014-01-03 00:00:00.000,Some Person Information test remarks
150022001000001456587774,TOOWOOMBA,QLD,AUS,GRP,;AUS;ALB;ASM;,;AMHAR;BURME;CAMBO;CZECH;ENGLI;,;AAC;COU;DEA;USE;PAE;PST;,AGN,;ABR;BTH;UNK;,1,;DEP;ILT;,SYDNEY,2014-01-03 00:00:00.000,Some Person Information test remarks
150022001000001456587627,TOOWOOMBA,QLD,AUS,GRP,;AUS;ALB;ASM;,;AMHAR;BURME;CAMBO;CZECH;ENGLI;,;AAC;COU;DEA;USE;PAE;PST;,AGN,;ABR;BTH;UNK;,1,;DEP;ILT;,SYDNEY,2014-01-03 00:00:00.000,Some Person Information test remarks
150022001000001456587494,TOOWOOMBA,QLD,AUS,GRP,;AUS;ALB;ASM;,;AMHAR;BURME;CAMBO;CZECH;ENGLI;,;AAC;COU;DEA;USE;PAE;PST;,AGN,;ABR;BTH;UNK;,1,;DEP;ILT;,SYDNEY,2014-01-03 00:00:00.000,Some Person Information test remarks
150022001000001456587357,TOOWOOMBA,QLD,AUS,GRP,;AUS;ALB;ASM;,;AMHAR;BURME;CAMBO;CZECH;ENGLI;,;AAC;COU;DEA;USE;PAE;PST;,AGN,;ABR;BTH;UNK;,1,;DEP;ILT;,SYDNEY,2014-01-03 00:00:00.000,Some Person Information test remarks
150022001000001456587212,TOOWOOMBA,QLD,AUS,GRP,;AUS;ALB;ASM;,;AMHAR;BURME;CAMBO;CZECH;ENGLI;,;AAC;COU;DEA;USE;PAE;PST;,AGN,;ABR;BTH;UNK;,1,;DEP;ILT;,SYDNEY,2014-01-03 00:00:00.000,Some Person Information test remarks
150022001000001456587081,TOOWOOMBA,QLD,AUS,GRP,;AUS;ALB;ASM;,;AMHAR;BURME;CAMBO;CZECH;ENGLI;,;AAC;COU;DEA;USE;PAE;PST;,AGN,;ABR;BTH;UNK;,1,;DEP;ILT;,SYDNEY,2014-01-03 00:00:00.000,Some Person Information test remarks
150022001000001456586946,TOOWOOMBA,QLD,AUS,GRP,;AUS;ALB;ASM;,;AMHAR;BURME;CAMBO;CZECH;ENGLI;,;AAC;COU;DEA;USE;PAE;PST;,AGN,;ABR;BTH;UNK;,1,;DEP;ILT;,SYDNEY,2014-01-03 00:00:00.000,Some Person Information test remarks
150022001000001456586810,TOOWOOMBA,QLD,AUS,GRP,;AUS;ALB;ASM;,;AMHAR;BURME;CAMBO;CZECH;ENGLI;,;AAC;COU;DEA;USE;PAE;PST;,AGN,;ABR;BTH;UNK;,1,;DEP;ILT;,SYDNEY,2014-01-03 00:00:00.000,Some Person Information test remarks
150022001000001456586657,TOOWOOMBA,QLD,AUS,GRP,;AUS;ALB;ASM;,;AMHAR;BURME;CAMBO;CZECH;ENGLI;,;AAC;COU;DEA;USE;PAE;PST;,AGN,;ABR;BTH;UNK;,1,;DEP;ILT;,SYDNEY,2014-01-03 00:00:00.000,Some Person Information test remarks
150022001000001456586514,TOOWOOMBA,QLD,AUS,GRP,;AUS;ALB;ASM;,;AMHAR;BURME;CAMBO;CZECH;ENGLI;,;AAC;COU;DEA;USE;PAE;PST;,AGN,;ABR;BTH;UNK;,1,;DEP;ILT;,SYDNEY,2014-01-03 00:00:00.000,Some Person Information test remarks
150022001000001456586385,TOOWOOMBA,QLD,AUS,GRP,;AUS;ALB;ASM;,;AMHAR;BURME;CAMBO;CZECH;ENGLI;,;AAC;COU;DEA;USE;PAE;PST;,AGN,;ABR;BTH;UNK;,1,;DEP;ILT;,SYDNEY,2014-01-03 00:00:00.000,Some Person Information test remarks
150022001000001456586235,TOOWOOMBA,QLD,AUS,GRP,;AUS;ALB;ASM;,;AMHAR;BURME;CAMBO;CZECH;ENGLI;,;AAC;COU;DEA;USE;PAE;PST;,AGN,;ABR;BTH;UNK;,1,;DEP;ILT;,SYDNEY,2014-01-03 00:00:00.000,Some Person Information test remarks
150022001000001456586099,TOOWOOMBA,QLD,AUS,GRP,;AUS;ALB;ASM;,;AMHAR;BURME;CAMBO;CZECH;ENGLI;,;AAC;COU;DEA;USE;PAE;PST;,AGN,;ABR;BTH;UNK;,1,;DEP;ILT;,SYDNEY,2014-01-03 00:00:00.000,Some Person Information test remarks
150022001000001456585972,TOOWOOMBA,QLD,AUS,GRP,;AUS;ALB;ASM;,;AMHAR;BURME;CAMBO;CZECH;ENGLI;,;AAC;COU;DEA;USE;PAE;PST;,AGN,;ABR;BTH;UNK;,1,;DEP;ILT;,SYDNEY,2014-01-03 00:00:00.000,Some Person Information test remarks
150022001000001456585845,TOOWOOMBA,QLD,AUS,GRP,;AUS;ALB;ASM;,;AMHAR;BURME;CAMBO;CZECH;ENGLI;,;AAC;COU;DEA;USE;PAE;PST;,AGN,;ABR;BTH;UNK;,1,;DEP;ILT;,SYDNEY,2014-01-03 00:00:00.000,Some Person Information test remarks
150022001000001456585700,TOOWOOMBA,QLD,AUS,GRP,;AUS;ALB;ASM;,;AMHAR;BURME;CAMBO;CZECH;ENGLI;,;AAC;COU;DEA;USE;PAE;PST;,AGN,;ABR;BTH;UNK;,1,;DEP;ILT;,SYDNEY,2014-01-03 00:00:00.000,Some Person Information test remarks
150022001000001456585571,TOOWOOMBA,QLD,AUS,GRP,;AUS;ALB;ASM;,;AMHAR;BURME;CAMBO;CZECH;ENGLI;,;AAC;COU;DEA;USE;PAE;PST;,AGN,;ABR;BTH;UNK;,1,;DEP;ILT;,SYDNEY,2014-01-03 00:00:00.000,Some Person Information test remarks
150022001000001456585436,TOOWOOMBA,QLD,AUS,GRP,;AUS;ALB;ASM;,;AMHAR;BURME;CAMBO;CZECH;ENGLI;,;AAC;COU;DEA;USE;PAE;PST;,AGN,;ABR;BTH;UNK;,1,;DEP;ILT;,SYDNEY,2014-01-03 00:00:00.000,Some Person Information test remarks
150022001000001456585309,TOOWOOMBA,QLD,AUS,GRP,;AUS;ALB;ASM;,;AMHAR;BURME;CAMBO;CZECH;ENGLI;,;AAC;COU;DEA;USE;PAE;PST;,AGN,;ABR;BTH;UNK;,1,;DEP;ILT;,SYDNEY,2014-01-03 00:00:00.000,Some Person Information test remarks
150022001000001456585175,TOOWOOMBA,QLD,AUS,GRP,;AUS;ALB;ASM;,;AMHAR;BURME;CAMBO;CZECH;ENGLI;,;AAC;COU;DEA;USE;PAE;PST;,AGN,;ABR;BTH;UNK;,1,;DEP;ILT;,SYDNEY,2014-01-03 00:00:00.000,Some Person Information test remarks
150022001000001456585057,TOOWOOMBA,QLD,AUS,GRP,;AUS;ALB;ASM;,;AMHAR;BURME;CAMBO;CZECH;ENGLI;,;AAC;COU;DEA;USE;PAE;PST;,AGN,;ABR;BTH;UNK;,1,;DEP;ILT;,SYDNEY,2014-01-03 00:00:00.000,Some Person Information test remarks
150022001000001456584924,TOOWOOMBA,QLD,AUS,GRP,;AUS;ALB;ASM;,;AMHAR;BURME;CAMBO;CZECH;ENGLI;,;AAC;COU;DEA;USE;PAE;PST;,AGN,;ABR;BTH;UNK;,1,;DEP;ILT;,SYDNEY,2014-01-03 00:00:00.000,Some Person Information test remarks
150022001000001456584788,TOOWOOMBA,QLD,AUS,GRP,;AUS;ALB;ASM;,;AMHAR;BURME;CAMBO;CZECH;ENGLI;,;AAC;COU;DEA;USE;PAE;PST;,AGN,;ABR;BTH;UNK;,1,;DEP;ILT;,SYDNEY,2014-01-03 00:00:00.000,Some Person Information test remarks
150022001000001456584650,TOOWOOMBA,QLD,AUS,GRP,;AUS;ALB;ASM;,;AMHAR;BURME;CAMBO;CZECH;ENGLI;,;AAC;COU;DEA;USE;PAE;PST;,AGN,;ABR;BTH;UNK;,1,;DEP;ILT;,SYDNEY,2014-01-03 00:00:00.000,Some Person Information test remarks
150022001000001456584523,TOOWOOMBA,QLD,AUS,GRP,;AUS;ALB;ASM;,;AMHAR;BURME;CAMBO;CZECH;ENGLI;,;AAC;COU;DEA;USE;PAE;PST;,AGN,;ABR;BTH;UNK;,1,;DEP;ILT;,SYDNEY,2014-01-03 00:00:00.000,Some Person Information test remarks
150022001000001456584388,TOOWOOMBA,QLD,AUS,GRP,;AUS;ALB;ASM;,;AMHAR;BURME;CAMBO;CZECH;ENGLI;,;AAC;COU;DEA;USE;PAE;PST;,AGN,;ABR;BTH;UNK;,1,;DEP;ILT;,SYDNEY,2014-01-03 00:00:00.000,Some Person Information test remarks
150022001000001456584237,TOOWOOMBA,QLD,AUS,GRP,;AUS;ALB;ASM;,;AMHAR;BURME;CAMBO;CZECH;ENGLI;,;AAC;COU;DEA;USE;PAE;PST;,AGN,;ABR;BTH;UNK;,1,;DEP;ILT;,SYDNEY,2014-01-03 00:00:00.000,Some Person Information test remarks
150022001000001456584094,TOOWOOMBA,QLD,AUS,GRP,;AUS;ALB;ASM;,;AMHAR;BURME;CAMBO;CZECH;ENGLI;,;AAC;COU;DEA;USE;PAE;PST;,AGN,;ABR;BTH;UNK;,1,;DEP;ILT;,SYDNEY,2014-01-03 00:00:00.000,Some Person Information test remarks
150022001000001456583967,TOOWOOMBA,QLD,AUS,GRP,;AUS;ALB;ASM;,;AMHAR;BURME;CAMBO;CZECH;ENGLI;,;AAC;COU;DEA;USE;PAE;PST;,AGN,;ABR;BTH;UNK;,1,;DEP;ILT;,SYDNEY,2014-01-03 00:00:00.000,Some Person Information test remarks
150022001000001456583842,TOOWOOMBA,QLD,AUS,GRP,;AUS;ALB;ASM;,;AMHAR;BURME;CAMBO;CZECH;ENGLI;,;AAC;COU;DEA;USE;PAE;PST;,AGN,;ABR;BTH;UNK;,1,;DEP;ILT;,SYDNEY,2014-01-03 00:00:00.000,Some Person Information test remarks
150022001000001456583663,TOOWOOMBA,QLD,AUS,GRP,;AUS;ALB;ASM;,;AMHAR;BURME;CAMBO;CZECH;ENGLI;,;AAC;COU;DEA;USE;PAE;PST;,AGN,;ABR;BTH;UNK;,1,;DEP;ILT;,SYDNEY,2014-01-03 00:00:00.000,Some Person Information test remarks
150022001000001456583534,TOOWOOMBA,QLD,AUS,GRP,;AUS;ALB;ASM;,;AMHAR;BURME;CAMBO;CZECH;ENGLI;,;AAC;COU;DEA;USE;PAE;PST;,AGN,;ABR;BTH;UNK;,1,;DEP;ILT;,SYDNEY,2014-01-03 00:00:00.000,Some Person Information test remarks
150022001000001456583409,TOOWOOMBA,QLD,AUS,GRP,;AUS;ALB;ASM;,;AMHAR;BURME;CAMBO;CZECH;ENGLI;,;AAC;COU;DEA;USE;PAE;PST;,AGN,;ABR;BTH;UNK;,1,;DEP;ILT;,SYDNEY,2014-01-03 00:00:00.000,Some Person Information test remarks
150022001000001456583268,TOOWOOMBA,QLD,AUS,GRP,;AUS;ALB;ASM;,;AMHAR;BURME;CAMBO;CZECH;ENGLI;,;AAC;COU;DEA;USE;PAE;PST;,AGN,;ABR;BTH;UNK;,1,;DEP;ILT;,SYDNEY,2014-01-03 00:00:00.000,Some Person Information test remarks
150022001000001456583143,TOOWOOMBA,QLD,AUS,GRP,;AUS;ALB;ASM;,;AMHAR;BURME;CAMBO;CZECH;ENGLI;,;AAC;COU;DEA;USE;PAE;PST;,AGN,;ABR;BTH;UNK;,1,;DEP;ILT;,SYDNEY,2014-01-03 00:00:00.000,Some Person Information test remarks
150022001000001456583008,TOOWOOMBA,QLD,AUS,GRP,;AUS;ALB;ASM;,;AMHAR;BURME;CAMBO;CZECH;ENGLI;,;AAC;COU;DEA;USE;PAE;PST;,AGN,;ABR;BTH;UNK;,1,;DEP;ILT;,SYDNEY,2014-01-03 00:00:00.000,Some Person Information test remarks
150022001000001456582891,TOOWOOMBA,QLD,AUS,GRP,;AUS;ALB;ASM;,;AMHAR;BURME;CAMBO;CZECH;ENGLI;,;AAC;COU;DEA;USE;PAE;PST;,AGN,;ABR;BTH;UNK;,1,;DEP;ILT;,SYDNEY,2014-01-03 00:00:00.000,Some Person Information test remarks
150022001000001456582764,TOOWOOMBA,QLD,AUS,GRP,;AUS;ALB;ASM;,;AMHAR;BURME;CAMBO;CZECH;ENGLI;,;AAC;COU;DEA;USE;PAE;PST;,AGN,;ABR;BTH;UNK;,1,;DEP;ILT;,SYDNEY,2014-01-03 00:00:00.000,Some Person Information test remarks
150022001000001456582629,TOOWOOMBA,QLD,AUS,GRP,;AUS;ALB;ASM;,;AMHAR;BURME;CAMBO;CZECH;ENGLI;,;AAC;COU;DEA;USE;PAE;PST;,AGN,;ABR;BTH;UNK;,1,;DEP;ILT;,SYDNEY,2014-01-03 00:00:00.000,Some Person Information test remarks
150022001000001456582506,TOOWOOMBA,QLD,AUS,GRP,;AUS;ALB;ASM;,;AMHAR;BURME;CAMBO;CZECH;ENGLI;,;AAC;COU;DEA;USE;PAE;PST;,AGN,;ABR;BTH;UNK;,1,;DEP;ILT;,SYDNEY,2014-01-03 00:00:00.000,Some Person Information test remarks
150022001000001456582385,TOOWOOMBA,QLD,AUS,GRP,;AUS;ALB;ASM;,;AMHAR;BURME;CAMBO;CZECH;ENGLI;,;AAC;COU;DEA;USE;PAE;PST;,AGN,;ABR;BTH;UNK;,1,;DEP;ILT;,SYDNEY,2014-01-03 00:00:00.000,Some Person Information test remarks
150022001000001456582256,TOOWOOMBA,QLD,AUS,GRP,;AUS;ALB;ASM;,;AMHAR;BURME;CAMBO;CZECH;ENGLI;,;AAC;COU;DEA;USE;PAE;PST;,AGN,;ABR;BTH;UNK;,1,;DEP;ILT;,SYDNEY,2014-01-03 00:00:00.000,Some Person Information test remarks
150022001000001456582117,TOOWOOMBA,QLD,AUS,GRP,;AUS;ALB;ASM;,;AMHAR;BURME;CAMBO;CZECH;ENGLI;,;AAC;COU;DEA;USE;PAE;PST;,AGN,;ABR;BTH;UNK;,1,;DEP;ILT;,SYDNEY,2014-01-03 00:00:00.000,Some Person Information test remarks
150022001000001456581987,TOOWOOMBA,QLD,AUS,GRP,;AUS;ALB;ASM;,;AMHAR;BURME;CAMBO;CZECH;ENGLI;,;AAC;COU;DEA;USE;PAE;PST;,AGN,;ABR;BTH;UNK;,1,;DEP;ILT;,SYDNEY,2014-01-03 00:00:00.000,Some Person Information test remarks
150022001000001456581860,TOOWOOMBA,QLD,AUS,GRP,;AUS;ALB;ASM;,;AMHAR;BURME;CAMBO;CZECH;ENGLI;,;AAC;COU;DEA;USE;PAE;PST;,AGN,;ABR;BTH;UNK;,1,;DEP;ILT;,SYDNEY,2014-01-03 00:00:00.000,Some Person Information test remarks
150022001000001456581739,TOOWOOMBA,QLD,AUS,GRP,;AUS;ALB;ASM;,;AMHAR;BURME;CAMBO;CZECH;ENGLI;,;AAC;COU;DEA;USE;PAE;PST;,AGN,;ABR;BTH;UNK;,1,;DEP;ILT;,SYDNEY,2014-01-03 00:00:00.000,Some Person Information test remarks
150022001000001456581612,TOOWOOMBA,QLD,AUS,GRP,;AUS;ALB;ASM;,;AMHAR;BURME;CAMBO;CZECH;ENGLI;,;AAC;COU;DEA;USE;PAE;PST;,AGN,;ABR;BTH;UNK;,1,;DEP;ILT;,SYDNEY,2014-01-03 00:00:00.000,Some Person Information test remarks
150022001000001456581477,TOOWOOMBA,QLD,AUS,GRP,;AUS;ALB;ASM;,;AMHAR;BURME;CAMBO;CZECH;ENGLI;,;AAC;COU;DEA;USE;PAE;PST;,AGN,;ABR;BTH;UNK;,1,;DEP;ILT;,SYDNEY,2014-01-03 00:00:00.000,Some Person Information test remarks
150022001000001456581358,TOOWOOMBA,QLD,AUS,GRP,;AUS;ALB;ASM;,;AMHAR;BURME;CAMBO;CZECH;ENGLI;,;AAC;COU;DEA;USE;PAE;PST;,AGN,;ABR;BTH;UNK;,1,;DEP;ILT;,SYDNEY,2014-01-03 00:00:00.000,Some Person Information test remarks
150022001000001456581238,TOOWOOMBA,QLD,AUS,GRP,;AUS;ALB;ASM;,;AMHAR;BURME;CAMBO;CZECH;ENGLI;,;AAC;COU;DEA;USE;PAE;PST;,AGN,;ABR;BTH;UNK;,1,;DEP;ILT;,SYDNEY,2014-01-03 00:00:00.000,Some Person Information test remarks
150022001000001456581106,TOOWOOMBA,QLD,AUS,GRP,;AUS;ALB;ASM;,;AMHAR;BURME;CAMBO;CZECH;ENGLI;,;AAC;COU;DEA;USE;PAE;PST;,AGN,;ABR;BTH;UNK;,1,;DEP;ILT;,SYDNEY,2014-01-03 00:00:00.000,Some Person Information test remarks
150022001000001456580971,TOOWOOMBA,QLD,AUS,GRP,;AUS;ALB;ASM;,;AMHAR;BURME;CAMBO;CZECH;ENGLI;,;AAC;COU;DEA;USE;PAE;PST;,AGN,;ABR;BTH;UNK;,1,;DEP;ILT;,SYDNEY,2014-01-03 00:00:00.000,Some Person Information test remarks
150022001000001456580833,TOOWOOMBA,QLD,AUS,GRP,;AUS;ALB;ASM;,;AMHAR;BURME;CAMBO;CZECH;ENGLI;,;AAC;COU;DEA;USE;PAE;PST;,AGN,;ABR;BTH;UNK;,1,;DEP;ILT;,SYDNEY,2014-01-03 00:00:00.000,Some Person Information test remarks
150022001000001456580709,TOOWOOMBA,QLD,AUS,GRP,;AUS;ALB;ASM;,;AMHAR;BURME;CAMBO;CZECH;ENGLI;,;AAC;COU;DEA;USE;PAE;PST;,AGN,;ABR;BTH;UNK;,1,;DEP;ILT;,SYDNEY,2014-01-03 00:00:00.000,Some Person Information test remarks
150022001000001456580584,TOOWOOMBA,QLD,AUS,GRP,;AUS;ALB;ASM;,;AMHAR;BURME;CAMBO;CZECH;ENGLI;,;AAC;COU;DEA;USE;PAE;PST;,AGN,;ABR;BTH;UNK;,1,;DEP;ILT;,SYDNEY,2014-01-03 00:00:00.000,Some Person Information test remarks
150022001000001456580448,TOOWOOMBA,QLD,AUS,GRP,;AUS;ALB;ASM;,;AMHAR;BURME;CAMBO;CZECH;ENGLI;,;AAC;COU;DEA;USE;PAE;PST;,AGN,;ABR;BTH;UNK;,1,;DEP;ILT;,SYDNEY,2014-01-03 00:00:00.000,Some Person Information test remarks
150022001000001456580327,TOOWOOMBA,QLD,AUS,GRP,;AUS;ALB;ASM;,;AMHAR;BURME;CAMBO;CZECH;ENGLI;,;AAC;COU;DEA;USE;PAE;PST;,AGN,;ABR;BTH;UNK;,1,;DEP;ILT;,SYDNEY,2014-01-03 00:00:00.000,Some Person Information test remarks
150022001000001456580209,TOOWOOMBA,QLD,AUS,GRP,;AUS;ALB;ASM;,;AMHAR;BURME;CAMBO;CZECH;ENGLI;,;AAC;COU;DEA;USE;PAE;PST;,AGN,;ABR;BTH;UNK;,1,;DEP;ILT;,SYDNEY,2014-01-03 00:00:00.000,Some Person Information test remarks
150022001000001456580062,TOOWOOMBA,QLD,AUS,GRP,;AUS;ALB;ASM;,;AMHAR;BURME;CAMBO;CZECH;ENGLI;,;AAC;COU;DEA;USE;PAE;PST;,AGN,;ABR;BTH;UNK;,1,;DEP;ILT;,SYDNEY,2014-01-03 00:00:00.000,Some Person Information test remarks
150022001000001456579949,TOOWOOMBA,QLD,AUS,GRP,;AUS;ALB;ASM;,;AMHAR;BURME;CAMBO;CZECH;ENGLI;,;AAC;COU;DEA;USE;PAE;PST;,AGN,;ABR;BTH;UNK;,1,;DEP;ILT;,SYDNEY,2014-01-03 00:00:00.000,Some Person Information test remarks
150022001000001456579821,TOOWOOMBA,QLD,AUS,GRP,;AUS;ALB;ASM;,;AMHAR;BURME;CAMBO;CZECH;ENGLI;,;AAC;COU;DEA;USE;PAE;PST;,AGN,;ABR;BTH;UNK;,1,;DEP;ILT;,SYDNEY,2014-01-03 00:00:00.000,Some Person Information test remarks
150022001000001456579580,TOOWOOMBA,QLD,AUS,GRP,;AUS;ALB;ASM;,;AMHAR;BURME;CAMBO;CZECH;ENGLI;,;AAC;COU;DEA;USE;PAE;PST;,AGN,;ABR;BTH;UNK;,1,;DEP;ILT;,SYDNEY,2014-01-03 00:00:00.000,Some Person Information test remarks
150022001000001456579260,TOOWOOMBA,QLD,AUS,GRP,;AUS;ALB;ASM;,;AMHAR;BURME;CAMBO;CZECH;ENGLI;,;AAC;COU;DEA;USE;PAE;PST;,AGN,;ABR;BTH;UNK;,1,;DEP;ILT;,SYDNEY,2014-01-03 00:00:00.000,Some Person Information test remarks
150022001000001456579091,TOOWOOMBA,QLD,AUS,GRP,;AUS;ALB;ASM;,;AMHAR;BURME;CAMBO;CZECH;ENGLI;,;AAC;COU;DEA;USE;PAE;PST;,AGN,;ABR;BTH;UNK;,1,;DEP;ILT;,SYDNEY,2014-01-03 00:00:00.000,Some Person Information test remarks
150022001000001456578974,TOOWOOMBA,QLD,AUS,GRP,;AUS;ALB;ASM;,;AMHAR;BURME;CAMBO;CZECH;ENGLI;,;AAC;COU;DEA;USE;PAE;PST;,AGN,;ABR;BTH;UNK;,1,;DEP;ILT;,SYDNEY,2014-01-03 00:00:00.000,Some Person Information test remarks
150022001000001456578741,TOOWOOMBA,QLD,AUS,GRP,;AUS;ALB;ASM;,;AMHAR;BURME;CAMBO;CZECH;ENGLI;,;AAC;COU;DEA;USE;PAE;PST;,AGN,;ABR;BTH;UNK;,1,;DEP;ILT;,SYDNEY,2014-01-03 00:00:00.000,Some Person Information test remarks
150022001000001456578542,TOOWOOMBA,QLD,AUS,GRP,;AUS;ALB;ASM;,;AMHAR;BURME;CAMBO;CZECH;ENGLI;,;AAC;COU;DEA;USE;PAE;PST;,AGN,;ABR;BTH;UNK;,1,;DEP;ILT;,SYDNEY,2014-01-03 00:00:00.000,Some Person Information test remarks
150022001000001456576169,TOOWOOMBA,QLD,AUS,GRP,;AUS;ALB;ASM;,;AMHAR;BURME;CAMBO;CZECH;ENGLI;,;AAC;COU;DEA;USE;PAE;PST;,AGN,;ABR;BTH;UNK;,1,;DEP;ILT;,SYDNEY,2014-01-03 00:00:00.000,Some Person Information test remarks
150022001000001456576052,TOOWOOMBA,QLD,AUS,GRP,;AUS;ALB;ASM;,;AMHAR;BURME;CAMBO;CZECH;ENGLI;,;AAC;COU;DEA;USE;PAE;PST;,AGN,;ABR;BTH;UNK;,1,;DEP;ILT;,SYDNEY,2014-01-03 00:00:00.000,Some Person Information test remarks
150022001000001456575915,TOOWOOMBA,QLD,AUS,GRP,;AUS;ALB;ASM;,;AMHAR;BURME;CAMBO;CZECH;ENGLI;,;AAC;COU;DEA;USE;PAE;PST;,AGN,;ABR;BTH;UNK;,1,;DEP;ILT;,SYDNEY,2014-01-03 00:00:00.000,Some Person Information test remarks
150022001000001456575804,TOOWOOMBA,QLD,AUS,GRP,;AUS;ALB;ASM;,;AMHAR;BURME;CAMBO;CZECH;ENGLI;,;AAC;COU;DEA;USE;PAE;PST;,AGN,;ABR;BTH;UNK;,1,;DEP;ILT;,SYDNEY,2014-01-03 00:00:00.000,Some Person Information test remarks
150022001000001456575684,TOOWOOMBA,QLD,AUS,GRP,;AUS;ALB;ASM;,;AMHAR;BURME;CAMBO;CZECH;ENGLI;,;AAC;COU;DEA;USE;PAE;PST;,AGN,;ABR;BTH;UNK;,1,;DEP;ILT;,SYDNEY,2014-01-03 00:00:00.000,Some Person Information test remarks
150022001000001456575323,TOOWOOMBA,QLD,AUS,GRP,;AUS;ALB;ASM;,;AMHAR;BURME;CAMBO;CZECH;ENGLI;,;AAC;COU;DEA;USE;PAE;PST;,AGN,;ABR;BTH;UNK;,1,;DEP;ILT;,SYDNEY,2014-01-03 00:00:00.000,Some Person Information test remarks
150022001000001456575118,TOOWOOMBA,QLD,AUS,GRP,;AUS;ALB;ASM;,;AMHAR;BURME;CAMBO;CZECH;ENGLI;,;AAC;COU;DEA;USE;PAE;PST;,AGN,;ABR;BTH;UNK;,1,;DEP;ILT;,SYDNEY,2014-01-03 00:00:00.000,Some Person Information test remarks
150022001000001456575009,TOOWOOMBA,QLD,AUS,GRP,;AUS;ALB;ASM;,;AMHAR;BURME;CAMBO;CZECH;ENGLI;,;AAC;COU;DEA;USE;PAE;PST;,AGN,;ABR;BTH;UNK;,1,;DEP;ILT;,SYDNEY,2014-01-03 00:00:00.000,Some Person Information test remarks
150022001000001456574904,TOOWOOMBA,QLD,AUS,GRP,;AUS;ALB;ASM;,;AMHAR;BURME;CAMBO;CZECH;ENGLI;,;AAC;COU;DEA;USE;PAE;PST;,AGN,;ABR;BTH;UNK;,1,;DEP;ILT;,SYDNEY,2014-01-03 00:00:00.000,Some Person Information test remarks
150022001000001456574690,TOOWOOMBA,QLD,AUS,GRP,;AUS;ALB;ASM;,;AMHAR;BURME;CAMBO;CZECH;ENGLI;,;AAC;COU;DEA;USE;PAE;PST;,AGN,;ABR;BTH;UNK;,1,;DEP;ILT;,SYDNEY,2014-01-03 00:00:00.000,Some Person Information test remarks
150022001000001456574558,TOOWOOMBA,QLD,AUS,GRP,;AUS;ALB;ASM;,;AMHAR;BURME;CAMBO;CZECH;ENGLI;,;AAC;COU;DEA;USE;PAE;PST;,AGN,;ABR;BTH;UNK;,1,;DEP;ILT;,SYDNEY,2014-01-03 00:00:00.000,Some Person Information test remarks
150022001000001456574021,TOOWOOMBA,QLD,AUS,GRP,;AUS;ALB;ASM;,;AMHAR;BURME;CAMBO;CZECH;ENGLI;,;AAC;COU;DEA;USE;PAE;PST;,AGN,;ABR;BTH;UNK;,1,;DEP;ILT;,SYDNEY,2014-01-03 00:00:00.000,Some Person Information test remarks
150022001000001456572385,TOOWOOMBA,QLD,AUS,GRP,;AUS;ALB;ASM;,;AMHAR;BURME;CAMBO;CZECH;ENGLI;,;AAC;COU;DEA;USE;PAE;PST;,AGN,;ABR;BTH;UNK;,1,;DEP;ILT;,SYDNEY,2014-01-03 00:00:00.000,Some Person Information test remarks
150022001000001456572195,TOOWOOMBA,QLD,AUS,GRP,;AUS;ALB;ASM;,;AMHAR;BURME;CAMBO;CZECH;ENGLI;,;AAC;COU;DEA;USE;PAE;PST;,AGN,;ABR;BTH;UNK;,1,;DEP;ILT;,SYDNEY,2014-01-03 00:00:00.000,Some Person Information test remarks
150022001000001456572098,TOOWOOMBA,QLD,AUS,GRP,;AUS;ALB;ASM;,;AMHAR;BURME;CAMBO;CZECH;ENGLI;,;AAC;COU;DEA;USE;PAE;PST;,AGN,;ABR;BTH;UNK;,1,;DEP;ILT;,SYDNEY,2014-01-03 00:00:00.000,Some Person Information test remarks
150022001000001456571878,TOOWOOMBA,QLD,AUS,GRP,;AUS;ALB;ASM;,;AMHAR;BURME;CAMBO;CZECH;ENGLI;,;AAC;COU;DEA;USE;PAE;PST;,AGN,;ABR;BTH;UNK;,1,;DEP;ILT;,SYDNEY,2014-01-03 00:00:00.000,Some Person Information test remarks
150022001000001456571692,TOOWOOMBA,QLD,AUS,GRP,;AUS;ALB;ASM;,;AMHAR;BURME;CAMBO;CZECH;ENGLI;,;AAC;COU;DEA;USE;PAE;PST;,AGN,;ABR;BTH;UNK;,1,;DEP;ILT;,SYDNEY,2014-01-03 00:00:00.000,Some Person Information test remarks
150022001000001456520385,TOOWOOMBA,QLD,AUS,GRP,;AUS;ALB;ASM;,;AMHAR;BURME;CAMBO;CZECH;ENGLI;,;AAC;COU;DEA;USE;PAE;PST;,AGN,;ABR;BTH;UNK;,1,;DEP;ILT;,SYDNEY,2014-01-03 00:00:00.000,Some Person Information test remarks
150022001000001456520379,TOOWOOMBA,QLD,AUS,GRP,;AUS;ALB;ASM;,;AMHAR;BURME;CAMBO;CZECH;ENGLI;,;AAC;COU;DEA;USE;PAE;PST;,AGN,;ABR;BTH;UNK;,1,;DEP;ILT;,SYDNEY,2014-01-03 00:00:00.000,Some Person Information test remarks
150022001000001456520374,TOOWOOMBA,QLD,AUS,GRP,;AUS;ALB;ASM;,;AMHAR;BURME;CAMBO;CZECH;ENGLI;,;AAC;COU;DEA;USE;PAE;PST;,AGN,;ABR;BTH;UNK;,1,;DEP;ILT;,SYDNEY,2014-01-03 00:00:00.000,Some Person Information test remarks
150022001000001456520367,TOOWOOMBA,QLD,AUS,GRP,;AUS;ALB;ASM;,;AMHAR;BURME;CAMBO;CZECH;ENGLI;,;AAC;COU;DEA;USE;PAE;PST;,AGN,;ABR;BTH;UNK;,1,;DEP;ILT;,SYDNEY,2014-01-03 00:00:00.000,Some Person Information test remarks
150022001000001456508108,TOOWOOMBA,QLD,AUS,GRP,;AUS;ALB;ASM;,;AMHAR;BURME;CAMBO;CZECH;ENGLI;,;AAC;COU;DEA;USE;PAE;PST;,AGN,;ABR;BTH;UNK;,1,;DEP;ILT;,SYDNEY,2014-01-03 00:00:00.000,Some Person Information test remarks
150022001000001454729269,BRISBANE,QLD,AUS,SGL,;AUS;,;ENGLI;,;DEA;,NULL,NULL,0,NULL,NULL,NULL,NULL
150022001000001454704243,TEST,ACT,AFG,DIV,;AUS;,;AFRIK;,;AAC;,ADV,;BTH;,1,;ASY;,HEI,2016-12-01 00:00:00.000,TEST
150022001000001454636280,SYDNEY,NSW,AUS,SEP,;AUS;,;CHCAN;,NULL,BUD,;UNK;,0,;AUS;,NULL,NULL,testing
150022001000001454619335,CRACOW,QLD,AUS,GRP,;AZE;,;ABORI;AMHAR;CHCAN;FUKIE;,;CHI;ARI;PAE;AAC;DSB;DCA;LVA;,MSA,;TSI;BTH;NTH;,1,NULL,MELBOURNE,1971-03-20 00:00:00.000,Do what you wanna do
150022001000001454612242,BRISBANE,QLD,AUS,SGL,;AUS;,;ARABI;,;AAC;ASS;,AGN,;NTH;,0,NULL,BRISBANE,1970-10-10 00:00:00.000,teset
150022001000001221892010,BRISBANE,QLD,AUS,SGL,;AUS;,;ENGLI;,NULL,NULL,NULL,0,NULL,NULL,NULL,NULL
150022001000000984622557,AMSTERDAM,OS,NET,NULL,NULL,;ENGLI;DUTCH;,NULL,NULL,NULL,0,NULL,NULL,NULL,NULL
